age,job,marital,education,default,balance,housing,loan,duration
58,4,1,2,0,2143,1,0,261
44,9,2,1,0,29,1,0,151
33,2,1,1,0,2,1,1,76
47,1,1,3,0,1506,1,0,92
33,11,2,3,0,1,0,0,198
35,4,1,2,0,231,1,0,139
28,4,2,2,0,447,1,1,217
42,2,0,2,1,2,1,0,380
58,5,1,0,0,121,1,0,50
43,9,2,1,0,593,1,0,55
41,0,0,1,0,270,1,0,222
29,0,2,1,0,390,1,0,137
53,9,1,1,0,6,1,0,517
58,9,1,3,0,71,1,0,71
57,7,1,1,0,162,1,0,174
51,5,1,0,0,229,1,0,353
45,0,2,3,0,13,1,0,98
57,1,1,0,0,52,1,0,38
60,5,1,0,0,60,1,0,219
33,7,1,1,0,0,1,0,54
28,1,1,1,0,723,1,1,262
56,4,1,2,0,779,1,0,164
32,1,2,0,0,23,1,1,160
25,7,1,1,0,50,1,0,342
40,5,1,0,0,0,1,1,181
44,0,1,1,0,-372,1,0,172
39,4,2,2,0,255,1,0,296
52,2,1,1,0,113,1,1,127
46,4,2,1,0,-246,1,0,255
36,9,2,1,0,265,1,1,348
57,9,1,1,0,839,0,1,225
49,4,1,2,0,378,1,0,230
60,0,1,1,0,39,1,1,208
59,1,1,1,0,0,1,0,226
51,4,1,2,0,10635,1,0,336
57,9,0,1,0,63,1,0,242
25,1,1,1,0,-7,1,0,365
53,9,1,1,0,-3,0,0,1666
36,0,0,1,0,506,1,0,577
37,0,2,1,0,0,1,0,137
44,7,0,1,0,2586,1,0,160
50,4,1,1,0,49,1,0,180
60,1,1,3,0,104,1,0,22
54,5,1,1,0,529,1,0,1492
58,5,1,3,0,96,1,0,616
36,0,2,0,0,-171,1,0,242
58,6,1,2,0,-364,1,0,355
44,9,1,1,0,0,1,0,225
55,9,0,1,0,0,0,0,160
29,4,2,2,0,0,1,0,363
54,1,1,1,0,1291,1,0,266
48,4,0,2,0,-244,1,0,253
32,4,1,2,0,0,1,0,179
42,0,2,1,0,-76,1,0,787
24,9,2,1,0,-103,1,1,145
38,2,2,2,0,243,0,1,174
38,4,2,2,0,424,1,0,104
47,1,1,3,0,306,1,0,13
40,1,2,3,0,24,1,0,185
46,7,1,0,0,179,1,0,1778
32,0,1,2,0,0,1,0,138
53,9,0,1,0,989,1,0,812
57,1,1,0,0,249,1,0,164
33,7,1,1,0,790,1,0,391
49,1,1,3,0,154,1,0,357
51,4,1,2,0,6530,1,0,91
60,5,1,2,0,100,0,0,528
59,4,0,2,0,59,1,0,273
55,9,1,1,0,1205,1,0,158
35,1,2,1,0,12223,1,1,177
57,1,1,1,0,5935,1,1,258
31,7,1,1,0,25,1,1,172
54,4,1,1,0,282,1,1,154
55,1,1,0,0,23,1,0,291
43,9,1,1,0,1937,1,0,181
53,9,1,1,0,384,1,0,176
44,1,1,1,0,582,0,1,211
55,7,0,1,0,91,0,0,349
49,7,0,1,0,0,1,1,272
55,7,0,1,1,1,1,0,208
45,0,2,1,0,206,1,0,193
47,7,0,1,0,164,0,0,212
42,9,2,1,0,690,1,0,20
59,0,1,1,0,2343,1,0,1042
46,6,1,2,0,137,1,1,246
51,1,1,0,0,173,1,0,529
56,0,1,1,0,45,0,0,1467
41,9,1,1,0,1270,1,0,1389
46,4,0,1,0,16,1,1,188
57,5,1,1,0,486,1,0,180
42,4,2,1,0,50,0,0,48
30,9,1,1,0,152,1,1,213
60,0,1,1,0,290,1,0,583
60,1,1,3,0,54,1,0,221
57,2,0,1,0,-37,0,0,173
36,4,1,2,0,101,1,1,426
55,1,1,1,0,383,0,0,287
60,5,1,2,0,81,1,0,101
39,9,1,1,0,0,1,0,203
46,4,1,2,0,229,1,0,197
44,1,1,1,0,-674,1,0,257
53,1,1,0,0,90,0,0,124
52,1,1,0,0,128,1,0,229
59,1,1,0,0,179,1,0,55
27,9,2,2,0,0,1,0,400
44,1,1,1,0,54,1,0,197
47,9,1,2,0,151,1,0,190
34,0,1,1,0,61,0,1,21
59,5,2,1,0,30,1,0,514
45,4,1,2,0,523,1,0,849
29,7,0,1,0,31,1,0,194
46,9,0,1,0,79,0,0,144
56,6,1,0,0,-34,1,1,212
36,1,1,0,0,448,1,0,286
59,5,0,0,0,81,1,0,107
44,1,1,1,0,144,1,0,247
41,0,1,1,0,351,1,0,518
33,4,2,2,0,-67,1,0,364
59,4,0,2,0,262,0,0,178
57,9,1,0,0,0,0,0,98
56,9,0,3,0,56,1,0,439
51,1,1,1,0,26,1,0,79
34,0,1,3,0,3,1,0,120
43,7,1,1,0,41,1,1,127
52,9,1,2,0,7,0,1,175
33,9,2,1,0,105,1,0,262
29,0,2,1,0,818,1,1,61
34,7,1,1,0,-16,1,1,78
31,1,1,1,0,0,1,0,143
55,7,1,1,0,2476,1,0,579
55,4,1,3,0,1185,0,0,677
32,0,2,1,0,217,1,0,345
38,9,2,1,0,1685,1,0,185
55,0,2,1,0,802,1,1,100
28,10,2,2,0,0,1,0,125
23,1,1,1,0,94,1,0,193
32,9,2,1,0,0,1,0,136
43,7,2,3,0,0,0,0,73
32,1,1,1,0,517,1,0,528
46,1,1,1,0,265,1,0,541
53,3,0,0,0,947,1,0,163
34,6,2,1,0,3,1,0,301
57,10,1,2,0,42,0,0,46
37,1,1,1,0,37,1,0,204
59,1,1,1,0,57,1,0,98
33,7,1,1,0,22,1,0,71
56,1,0,0,0,8,1,0,157
48,10,1,1,0,293,1,0,243
43,7,1,0,0,3,1,0,186
54,1,1,0,0,348,1,0,579
51,1,1,3,0,-19,1,0,163
26,8,2,1,0,0,1,0,610
40,4,1,2,0,-4,1,0,2033
39,4,1,1,0,18,1,0,85
50,9,1,0,0,139,0,0,114
41,7,1,1,0,0,1,0,114
51,1,1,3,0,1883,1,0,57
60,5,0,1,0,216,1,0,238
52,1,1,1,0,782,1,0,93
48,1,1,1,0,904,1,0,128
48,7,1,3,0,1705,1,0,107
39,9,2,2,0,47,1,0,181
47,7,2,1,0,176,1,0,303
40,1,1,1,0,1225,1,0,558
45,9,1,1,0,86,1,0,270
26,0,2,1,0,82,1,0,228
52,4,1,2,0,271,1,0,99
54,9,1,1,0,1378,1,0,240
54,0,1,2,0,184,0,0,673
50,1,1,0,0,0,0,0,233
35,1,1,1,0,0,1,0,1056
44,7,1,1,0,1357,1,1,250
53,2,1,3,0,19,1,0,252
35,5,2,0,0,434,0,0,138
60,0,0,1,0,92,1,0,130
53,0,0,1,0,1151,1,0,412
48,10,1,1,0,41,1,0,179
34,9,1,1,0,51,1,0,19
54,7,1,1,0,214,1,0,458
51,4,1,1,0,1161,1,0,717
31,7,1,2,0,37,1,0,313
35,9,0,1,0,787,1,0,683
35,7,1,1,0,59,1,0,1077
38,9,1,1,0,253,1,0,416
36,0,1,2,0,211,1,0,146
58,5,1,0,0,235,1,0,167
40,7,0,3,0,4384,1,0,315
54,4,1,1,0,4080,0,0,140
34,1,2,1,0,53,1,1,346
31,4,2,2,0,0,1,0,562
51,5,1,1,0,2127,1,0,172
33,4,1,2,0,377,1,0,217
55,4,1,2,0,73,1,0,142
42,0,1,1,0,445,1,0,67
34,1,1,1,0,243,1,0,291
33,1,2,1,0,307,1,0,309
38,7,1,1,0,155,1,0,248
50,9,0,2,0,173,0,1,98
43,4,1,2,0,400,1,0,256
61,1,0,0,0,1428,1,0,82
47,0,1,1,0,219,1,0,577
48,6,1,2,0,7,1,0,286
44,1,1,1,0,575,1,0,477
35,8,2,3,0,298,1,0,611
35,7,1,1,0,0,1,0,471
50,7,1,1,0,5699,1,0,381
41,4,1,2,0,176,1,1,42
41,4,1,2,0,517,1,0,251
39,7,2,3,0,257,1,0,408
42,5,1,1,0,56,1,0,215
38,1,1,1,0,-390,1,0,287
53,5,1,1,0,330,1,0,216
59,3,0,0,0,195,0,0,366
36,7,1,1,0,301,1,0,210
54,1,1,0,0,-41,1,0,288
40,9,1,2,0,483,1,0,168
47,11,1,3,0,28,0,0,338
53,10,1,3,0,13,0,0,410
46,3,1,0,0,965,0,0,177
39,4,1,2,0,378,1,1,127
40,10,1,1,0,219,1,0,357
28,1,1,0,0,324,1,0,175
35,2,0,1,0,-69,1,0,300
55,5,1,1,0,0,0,1,136
43,9,0,3,0,205,1,0,1419
48,1,1,0,0,278,1,0,125
58,4,1,3,0,1065,1,0,213
33,4,2,2,0,34,1,0,27
36,1,1,3,0,1033,0,0,238
53,7,0,1,0,1467,1,0,124
47,1,1,0,0,-12,1,0,18
31,7,1,1,0,388,1,0,730
57,2,1,1,0,294,1,0,746
53,1,1,3,0,1827,0,0,121
55,1,1,0,0,627,1,0,247
45,1,1,0,0,25,1,0,40
53,0,0,1,0,315,1,0,181
37,1,1,0,0,0,1,0,79
44,0,0,1,0,66,1,0,206
49,1,0,0,0,-9,1,1,389
46,9,1,1,0,349,1,1,127
43,2,1,3,0,100,1,0,702
38,0,1,1,0,0,0,0,151
43,9,1,1,0,434,1,0,117
49,4,1,2,0,3237,1,0,232
42,4,1,3,0,275,0,0,408
22,1,2,1,0,0,1,0,179
40,4,1,2,0,207,1,0,39
39,1,1,1,0,483,1,0,282
51,7,1,1,0,2248,1,0,714
49,0,1,1,0,428,1,0,50
53,1,1,1,0,0,1,1,181
34,7,2,1,0,0,1,0,142
33,9,0,1,0,140,1,0,227
50,4,2,2,0,297,1,0,119
39,1,1,0,0,279,1,0,361
59,2,0,1,0,901,1,0,73
30,9,2,1,0,2573,1,0,67
36,7,1,1,0,143,1,1,350
40,1,1,1,0,475,1,0,332
53,1,1,1,0,70,1,0,611
34,4,2,2,0,318,1,0,113
37,9,1,1,0,275,1,0,132
42,4,0,2,0,742,1,0,58
41,2,1,0,0,236,1,0,151
30,8,2,2,0,25,1,0,89
37,4,2,2,0,600,1,0,152
39,0,0,1,0,-349,1,0,611
41,1,1,0,0,183,1,1,110
40,1,1,0,0,0,1,0,463
42,4,2,2,0,0,1,1,562
40,1,0,0,0,0,1,0,962
57,9,1,1,0,1078,1,0,10
56,2,0,1,0,155,0,0,118
37,0,1,1,0,190,1,0,92
59,5,1,1,0,319,1,0,143
39,7,0,1,0,-185,1,0,189
49,7,1,1,0,47,0,0,234
38,7,2,1,0,570,1,0,75
36,6,1,2,0,19,0,0,189
50,1,1,0,0,61,1,0,621
41,0,1,1,0,-62,1,1,55
54,9,1,2,0,258,0,0,310
58,1,1,0,0,76,1,0,156
30,1,2,1,0,0,1,0,5
33,0,2,1,0,352,1,0,225
47,0,1,1,0,368,1,0,125
50,9,2,2,0,339,1,0,2
32,1,1,1,0,1331,1,0,286
40,6,1,1,0,672,1,0,164
37,4,1,2,0,58,1,0,98
54,9,2,3,0,447,1,0,742
24,8,2,1,0,423,1,0,226
54,4,1,2,0,0,0,0,120
34,9,1,1,0,19,1,0,362
56,9,0,0,0,13,1,0,357
31,1,2,1,0,3,1,0,200
24,8,2,1,0,82,1,0,204
42,1,0,0,0,28,1,0,126
57,9,1,1,0,792,1,0,65
42,1,1,3,0,408,1,0,107
51,0,1,1,0,531,1,0,267
57,5,1,1,0,211,1,0,248
36,7,2,1,0,62,1,0,215
53,7,1,3,0,257,1,0,209
50,9,1,1,0,1234,1,0,205
54,4,1,2,0,313,1,0,83
55,1,1,1,0,89,1,0,106
44,1,1,1,0,129,1,1,189
43,4,1,3,0,0,1,0,105
56,0,1,1,0,353,1,0,106
54,9,1,3,0,851,1,0,108
55,7,0,0,0,96,1,1,311
37,7,0,1,0,398,1,1,214
33,0,2,2,0,193,0,0,132
46,0,1,1,0,-358,1,0,358
36,1,1,1,0,539,1,1,453
51,9,2,1,0,0,1,0,364
40,5,2,0,0,0,0,0,136
42,1,1,1,0,490,1,0,386
51,1,1,1,0,0,1,0,173
49,1,1,3,0,403,1,0,241
48,4,1,1,0,161,1,0,224
32,9,0,2,0,2558,0,0,148
31,0,2,1,0,98,1,0,196
55,4,2,2,0,115,0,0,111
40,1,2,1,0,436,1,0,231
47,9,1,2,0,831,1,0,316
57,9,1,3,0,206,1,0,216
41,1,1,1,0,290,1,0,240
48,1,1,1,0,1,0,0,669
42,1,1,3,0,57,1,0,425
30,1,2,1,0,-457,1,0,143
58,4,2,2,0,1387,1,0,174
45,4,0,2,0,24598,1,0,313
49,1,1,1,0,30,1,0,135
42,0,2,1,0,1022,1,0,146
53,9,1,1,0,56,1,1,152
51,0,2,1,1,-2,0,0,402
32,7,2,1,0,121,1,0,213
41,1,2,1,0,842,1,0,144
43,4,0,1,0,693,1,0,124
40,1,0,1,0,-333,1,0,183
50,1,1,0,0,1533,1,0,325
34,4,1,2,0,46,1,0,39
53,7,1,3,0,18,0,0,503
45,9,1,1,0,44,1,0,95
39,1,1,0,0,-100,1,0,680
44,7,1,2,0,510,1,0,421
55,4,1,2,0,685,1,0,174
46,4,2,2,0,187,1,0,113
45,1,1,1,0,66,1,0,808
34,0,1,1,0,560,1,0,198
36,1,1,1,0,0,1,0,195
59,11,0,3,0,27,0,0,347
31,0,2,1,0,12,1,0,208
44,1,2,1,0,34,1,0,404
33,2,2,2,0,1068,1,0,396
40,1,1,1,0,211,1,0,216
46,0,2,2,0,377,1,0,98
48,4,1,2,0,263,1,0,350
42,7,1,1,0,1263,1,0,114
27,7,1,1,0,8,1,0,88
48,0,1,1,0,126,1,1,379
59,0,1,1,0,230,1,0,190
46,9,1,2,0,841,1,0,158
38,0,0,1,0,308,1,0,102
43,4,0,2,0,1,1,0,306
38,0,0,2,0,86,1,0,218
23,8,2,1,0,157,1,0,54
34,7,1,1,0,22,1,0,344
38,0,1,1,0,46,1,1,195
37,1,1,1,0,1293,0,0,652
25,0,2,1,0,122,1,0,286
48,1,1,3,0,131,1,0,189
49,1,2,1,0,143,1,0,83
38,0,2,1,0,393,0,0,184
43,1,1,0,0,98,1,0,235
33,4,1,2,0,0,1,0,290
55,1,1,1,0,224,1,0,232
38,1,1,1,0,757,1,0,133
49,7,1,1,0,245,1,1,318
40,4,1,1,0,8486,0,0,260
43,0,1,3,0,350,0,0,437
38,1,1,1,0,20,1,0,402
58,7,1,1,0,1667,1,1,85
57,9,1,3,0,345,1,0,125
32,10,1,1,0,10,1,0,501
56,4,1,2,0,830,1,1,1201
58,1,0,3,0,29,1,0,253
60,5,0,1,0,545,1,0,1030
37,9,1,2,0,8730,1,0,149
46,9,0,2,0,477,1,0,114
27,0,1,1,0,4,1,0,243
43,1,1,1,0,1205,1,0,769
32,9,2,1,0,0,1,1,135
40,0,2,1,0,263,1,0,231
38,0,1,1,0,1,0,0,76
34,1,1,1,0,283,0,1,199
47,1,1,0,0,206,1,0,152
42,3,1,0,0,17,1,0,124
48,9,1,1,0,141,1,1,424
29,6,2,2,0,16,1,0,43
50,7,1,1,0,206,1,0,154
52,9,1,3,0,7,0,0,203
50,4,1,2,0,0,0,0,326
58,5,1,2,0,0,0,0,393
46,1,0,0,0,1927,1,0,241
38,9,1,1,0,284,1,0,483
46,1,1,1,0,1660,1,0,259
32,7,2,1,0,406,1,0,227
51,1,1,0,0,230,1,0,673
39,0,2,1,0,-25,1,0,576
48,0,1,1,0,182,1,0,180
36,2,1,2,0,1169,1,0,168
34,0,0,1,0,67,1,0,90
40,9,1,1,0,77,0,0,505
43,10,1,1,0,0,1,0,245
52,1,0,0,0,55,1,1,186
33,9,1,1,1,72,1,0,623
49,4,2,2,0,163,1,0,496
32,4,2,2,0,151,1,0,118
39,0,2,1,0,113,1,0,342
40,1,1,1,0,0,1,0,225
38,9,2,2,0,9,1,0,185
43,4,1,1,0,375,1,0,196
39,7,1,1,0,1142,1,0,276
54,1,1,0,0,2102,1,0,76
38,9,2,2,0,4325,1,0,87
40,1,1,1,0,217,1,0,195
55,0,1,1,0,131,1,0,744
42,4,1,2,0,1680,1,0,765
39,1,1,1,0,0,1,0,262
40,1,1,0,0,46,1,0,119
32,1,1,1,0,320,1,0,198
55,0,1,1,0,183,1,0,150
45,1,1,1,0,39,0,0,241
35,4,2,2,0,560,1,0,181
58,9,0,1,0,469,0,0,196
35,0,1,1,0,530,1,0,149
49,7,1,0,0,61,1,0,246
34,9,2,2,0,242,1,0,112
36,1,1,1,0,139,1,0,309
24,6,2,1,0,0,1,0,278
34,9,1,1,0,367,1,0,140
51,0,0,1,0,228,1,0,136
39,9,2,3,0,45248,1,0,1623
50,6,1,3,0,-84,1,0,101
32,7,2,1,0,310,1,0,144
42,1,1,3,0,132,1,0,238
50,9,1,1,0,797,1,0,354
40,7,1,1,0,71,0,0,79
46,4,0,3,0,2,1,0,187
37,4,1,2,0,231,1,1,451
34,1,1,1,0,270,1,1,159
44,1,1,1,0,274,1,1,409
40,0,2,1,0,-109,1,1,170
37,9,1,1,0,1,1,0,608
33,1,2,1,1,-60,0,0,243
35,1,1,1,0,89,1,0,145
58,1,0,1,0,-11,0,0,112
39,1,1,0,0,0,1,0,262
43,1,1,1,0,-509,1,0,124
39,10,1,0,0,408,1,0,53
36,7,2,0,0,58,1,0,134
57,5,2,1,0,1640,0,1,204
36,0,2,1,0,20,1,0,186
50,1,1,0,0,71,1,0,678
55,1,1,1,0,52,1,0,182
44,6,1,2,0,292,1,0,162
44,7,0,1,0,424,1,0,27
39,3,2,0,0,109,1,0,699
46,1,1,3,0,1044,1,0,43
39,1,1,1,0,983,1,0,97
34,0,1,1,0,869,0,0,1677
40,1,1,0,0,668,1,0,283
50,4,1,2,0,964,1,0,323
31,4,2,1,0,301,1,0,82
37,0,2,1,0,140,1,0,310
39,4,2,1,0,1877,1,0,185
51,1,1,0,0,1127,1,0,47
41,9,1,1,0,871,1,0,145
41,9,1,1,0,767,1,1,204
43,1,1,1,0,0,0,0,187
30,7,2,1,0,209,1,0,30
54,4,0,0,0,0,0,0,472
43,1,0,1,0,110,1,1,448
59,4,0,2,0,-76,1,1,264
47,9,1,3,0,178,1,0,169
40,1,1,0,0,-66,1,0,288
32,9,1,1,0,0,1,0,176
29,1,1,1,0,1,1,0,215
36,1,1,1,0,0,1,0,337
55,10,1,2,0,5345,0,0,278
30,1,0,1,0,-209,1,0,188
39,0,2,1,0,0,1,0,174
39,1,0,1,0,42,1,0,226
50,1,0,1,0,41,1,0,190
44,1,1,1,0,-99,1,0,111
37,9,2,1,0,17,1,0,164
46,0,1,0,0,276,1,1,157
32,9,2,3,0,-170,0,0,46
37,4,2,2,0,230,1,1,374
29,1,1,1,0,9,1,0,349
41,1,1,1,0,946,1,0,325
45,1,1,0,0,1297,1,0,233
57,5,0,1,0,-331,1,0,531
48,1,2,1,0,44,1,0,153
60,5,1,1,1,15,0,0,80
26,0,2,1,0,712,1,0,232
58,5,1,1,0,5435,1,0,118
34,0,1,1,0,507,1,0,190
55,10,0,1,0,387,1,0,918
41,1,1,0,0,0,1,1,238
50,4,0,1,0,1716,1,0,82
49,2,1,1,0,167,1,1,198
44,0,1,3,0,40,0,1,160
44,1,1,0,0,148,1,0,211
31,9,1,1,0,17,1,1,120
34,1,2,2,0,1011,1,0,136
46,4,2,3,0,1527,1,0,269
42,4,1,2,0,744,0,0,157
52,0,1,1,0,484,1,0,128
29,4,2,2,0,0,1,0,211
53,5,1,0,0,136,1,0,267
43,1,1,1,0,1335,1,0,371
38,4,1,1,0,517,1,0,288
46,4,1,2,0,459,1,0,221
48,4,0,3,0,549,1,0,427
30,0,0,1,0,83,1,1,310
44,1,1,0,0,213,0,0,158
31,3,1,0,0,203,1,0,604
42,7,2,1,0,518,1,0,198
40,4,2,2,0,3877,1,0,145
52,0,1,1,0,1236,1,0,247
45,1,0,1,0,756,1,0,179
48,1,1,1,0,157,1,0,73
45,1,1,0,0,-66,1,0,263
34,1,1,3,0,245,1,0,13
34,1,1,0,0,-144,1,0,79
46,1,1,1,0,71,1,0,416
49,7,0,1,0,505,1,0,162
50,9,1,0,0,249,1,0,129
34,0,2,1,0,0,1,0,150
40,10,2,1,0,11,1,0,43
36,0,1,1,0,639,1,0,191
59,1,0,3,0,124,1,0,26
45,1,1,1,0,82,1,0,250
36,6,1,2,0,107,1,0,146
56,7,1,1,0,473,1,0,416
42,7,0,1,0,372,1,1,121
30,0,1,1,0,46,1,0,114
30,8,2,2,0,34,1,0,289
47,6,1,3,0,935,1,0,225
33,1,1,1,0,-10,1,0,123
36,0,1,1,0,-106,1,0,130
39,7,0,0,0,471,1,0,161
56,0,0,1,0,778,1,0,149
39,1,0,3,0,170,1,0,268
42,9,1,1,0,315,1,0,259
52,1,1,1,0,3165,0,0,26
36,0,0,1,0,131,1,0,153
35,2,1,1,1,204,1,0,424
47,9,1,1,0,83,1,0,179
59,7,0,1,0,0,1,1,97
57,1,1,0,0,5431,1,1,383
38,4,1,3,0,1759,1,0,440
46,10,1,1,0,-125,1,0,23
34,1,1,1,0,0,0,0,195
28,7,2,1,0,5090,1,0,1297
38,9,1,3,0,573,1,0,87
56,1,1,1,0,1602,1,0,427
41,1,2,0,1,-137,1,1,189
52,9,1,3,0,0,0,0,195
54,7,1,1,0,193,0,0,179
61,5,1,1,0,195,1,1,179
53,2,1,1,0,288,0,0,69
47,9,1,1,0,19,1,0,105
53,1,1,0,0,25,1,0,266
46,7,1,1,0,216,1,0,524
39,1,0,0,0,190,1,1,96
56,9,0,1,0,99,1,0,155
55,7,0,0,0,2298,1,0,162
44,4,1,2,0,17,1,0,352
37,9,1,0,0,0,1,0,76
35,1,1,0,0,0,1,0,154
55,1,1,1,0,840,1,0,310
37,7,1,1,0,358,1,0,390
30,9,2,1,0,0,1,0,369
37,1,1,0,0,-325,1,1,112
36,9,2,1,0,-15,1,0,341
38,9,1,1,0,581,1,0,79
41,0,0,0,0,4070,1,0,140
48,5,1,1,0,74,0,1,315
55,7,0,1,0,141,1,0,262
28,7,0,1,0,89,0,0,174
54,7,1,1,1,0,1,0,138
30,1,1,1,0,450,0,0,526
48,9,1,2,0,310,0,0,135
31,6,1,1,0,0,1,0,36
38,1,1,1,0,384,1,0,1906
37,1,1,1,0,395,1,0,219
37,7,2,3,0,-118,1,0,147
56,1,1,0,0,5,1,1,407
51,1,1,1,0,50,1,1,121
39,1,1,1,0,285,1,1,209
49,9,1,3,0,15,0,0,92
51,1,1,0,0,653,1,1,208
43,6,1,1,0,918,1,0,193
32,7,1,1,0,243,1,1,144
29,9,2,2,0,405,1,0,65
48,4,0,2,0,1328,1,0,339
55,7,1,0,0,255,1,0,285
53,1,1,1,0,3397,1,0,231
47,9,1,3,0,2106,1,0,168
39,4,1,2,0,2877,1,0,278
31,1,2,2,0,60,1,1,389
39,1,1,0,0,2226,1,0,158
40,1,1,0,0,2880,1,0,145
40,9,2,3,0,-5,1,0,78
48,9,1,1,0,147,0,0,142
33,9,0,1,0,7,1,1,87
40,9,1,1,0,109,1,0,147
59,5,1,0,0,-119,1,0,289
30,9,1,1,0,484,1,0,703
31,4,2,2,0,1852,1,0,170
35,10,1,1,0,533,1,0,802
54,9,0,1,0,21,1,0,381
34,0,2,3,0,2434,1,0,218
32,9,1,1,0,90,1,1,57
56,0,0,3,0,4246,1,0,304
32,0,2,2,0,395,1,0,241
42,1,1,0,0,15,1,0,230
33,7,1,2,0,85,0,0,262
52,2,1,2,0,-184,1,1,392
52,7,1,1,0,660,0,0,201
52,1,0,0,1,-183,1,0,145
30,10,0,1,0,1144,1,0,252
44,7,0,1,0,1,1,0,235
35,0,1,1,0,69,1,1,235
55,4,2,1,0,220,1,0,328
33,1,1,0,0,332,1,0,116
37,1,2,1,0,240,1,0,246
42,9,2,1,0,0,1,0,293
43,10,1,1,0,0,1,0,37
38,2,1,2,0,898,1,0,132
37,9,1,1,0,123,1,1,530
31,8,2,1,0,252,1,0,175
41,4,1,2,0,65,1,0,524
41,9,1,1,0,-366,1,1,29
29,8,2,1,0,209,1,0,311
38,0,2,1,0,221,1,0,211
44,6,0,2,0,4,1,0,312
39,0,1,1,0,104,1,0,412
28,9,2,1,0,312,1,0,392
33,1,1,1,0,-349,1,0,191
41,7,1,3,0,4,0,0,284
40,1,1,0,0,-322,1,1,144
29,0,1,1,0,-150,1,0,328
38,4,1,3,0,1349,1,0,100
32,0,1,2,0,281,1,0,226
45,7,1,1,0,1259,1,0,507
33,0,2,1,0,101,1,0,392
34,1,1,1,0,848,1,0,684
41,2,1,3,0,89,1,0,333
41,1,1,1,0,140,1,0,311
35,0,2,1,0,148,1,0,128
40,9,2,1,0,200,1,0,322
60,6,1,0,0,46,1,0,202
47,7,0,1,0,201,1,0,92
46,1,1,0,0,530,1,0,739
31,1,2,1,0,0,1,0,273
49,6,1,1,0,1,1,0,260
29,1,1,1,0,43,1,0,268
31,4,2,2,0,-173,1,0,396
38,4,1,2,0,389,1,0,262
37,1,1,0,0,215,1,1,308
35,9,1,1,0,-131,1,0,467
31,4,2,1,0,783,1,0,320
41,0,1,1,0,0,1,0,160
46,7,1,3,0,80,1,0,245
40,7,0,1,0,105,1,0,189
29,0,1,1,0,182,1,1,477
49,0,1,1,0,82,1,0,310
42,4,1,2,0,0,1,0,65
54,7,1,1,0,510,1,0,196
40,4,2,2,0,242,1,0,221
53,0,1,1,0,244,1,1,197
49,4,1,2,0,92,1,0,221
40,1,1,0,1,0,1,0,64
29,8,2,1,0,948,1,0,75
36,1,1,0,0,23,1,0,400
37,9,1,1,0,710,1,0,378
39,7,1,1,0,1205,1,0,118
36,9,1,1,0,368,1,1,1597
44,2,1,2,0,1631,1,0,346
40,0,1,1,0,6,1,0,60
49,1,1,1,0,26,1,0,276
30,9,2,3,0,-48,1,0,152
57,4,1,2,0,2142,1,0,251
24,7,2,1,0,77,1,1,390
46,1,1,3,0,401,1,0,306
33,0,1,1,0,21,0,0,189
43,7,0,1,0,0,1,0,125
43,0,2,1,0,-497,1,0,234
40,1,0,0,0,369,0,0,79
44,9,2,3,0,78,1,0,13
35,9,2,2,0,226,1,1,283
47,9,1,1,0,503,1,0,109
33,1,1,1,0,372,1,0,132
31,0,1,1,0,0,1,1,144
40,1,0,1,0,0,1,0,121
36,2,1,2,0,125,1,0,95
56,5,0,0,0,4,1,0,31
40,0,2,3,0,419,1,0,112
41,0,0,1,0,322,1,0,87
53,5,1,1,0,303,1,0,593
39,1,1,1,0,607,1,0,99
44,1,0,1,0,579,1,0,198
38,0,1,1,0,3047,1,0,285
54,9,0,1,0,83,1,0,190
58,4,1,2,0,68,1,0,172
52,1,1,0,0,58,1,0,213
28,0,2,1,0,251,1,0,178
36,1,1,1,0,688,1,0,174
60,5,1,0,0,364,1,0,631
42,7,0,1,0,55,1,0,176
42,0,1,1,0,101,1,0,32
44,4,1,2,0,105,1,0,1529
51,1,0,0,0,325,1,0,254
49,1,1,0,0,198,1,0,200
47,2,1,3,0,209,1,0,135
37,1,1,1,0,183,1,0,112
34,4,1,2,0,105,1,0,314
35,7,1,1,0,109,1,0,597
35,1,2,1,0,376,1,1,207
40,1,1,0,0,-7,1,0,410
55,9,1,1,0,0,0,0,160
55,5,1,1,0,143,1,0,42
35,4,2,2,0,550,1,0,55
57,1,1,0,0,162,1,0,155
53,4,1,2,0,115,1,0,336
41,1,1,0,0,512,1,0,233
57,1,1,3,0,807,1,0,211
45,1,1,3,0,248,1,0,88
43,1,1,0,0,1211,1,0,208
56,6,1,3,0,7,0,0,305
31,2,1,2,0,281,1,0,206
37,1,2,1,0,88,1,0,128
30,4,1,2,0,32,1,0,122
30,0,2,1,0,115,1,0,66
54,1,1,1,0,254,1,0,66
36,4,1,2,0,144,1,0,164
55,10,1,2,0,383,0,0,343
37,0,2,1,0,569,1,1,126
38,3,1,1,0,0,1,0,59
48,0,1,1,0,3754,1,0,249
55,3,0,2,0,6920,1,0,406
59,7,1,1,0,307,1,1,250
37,9,1,1,0,-421,1,0,183
33,1,0,1,0,60,0,0,190
44,1,1,0,0,67,1,0,220
57,9,1,1,0,402,1,0,153
30,6,2,2,0,800,0,0,95
42,9,1,2,0,239,1,1,191
51,1,0,1,0,421,1,0,216
44,0,0,1,0,161,1,0,89
46,9,1,1,1,289,0,0,51
29,8,2,1,0,110,1,0,169
39,1,1,0,0,245,1,0,148
42,7,1,1,0,0,1,0,132
50,1,1,0,0,156,1,0,117
42,9,2,1,0,0,1,0,275
39,0,1,1,0,20,1,0,124
55,9,2,2,0,92,1,0,118
46,7,1,1,0,89,1,0,479
42,1,1,1,0,166,1,0,285
45,4,1,2,0,103,1,0,35
43,1,1,0,0,-454,1,0,322
42,0,1,1,0,445,1,0,202
30,0,1,1,0,4,0,0,172
47,1,1,1,0,1001,1,0,201
51,7,0,1,0,-69,1,0,216
38,9,2,1,0,42,1,0,195
57,9,1,3,0,1617,1,0,96
42,4,0,2,0,221,1,0,720
32,9,0,1,0,210,1,1,188
46,4,1,2,0,0,0,0,70
29,8,2,2,0,185,1,0,141
59,5,1,1,0,836,1,0,106
32,1,2,1,0,301,1,0,395
44,1,1,0,0,503,1,0,629
40,5,1,0,0,407,1,0,502
31,1,2,1,0,53,1,0,446
46,6,1,2,0,2303,1,0,241
43,4,1,2,0,144,1,0,131
34,7,1,1,0,205,1,0,312
39,4,1,2,0,305,1,0,275
30,1,0,1,0,251,1,1,120
56,5,1,1,0,0,1,0,333
29,9,1,1,0,8,0,0,113
40,1,0,1,0,139,1,0,91
36,7,1,1,0,184,1,0,128
37,1,2,1,0,238,1,0,200
35,0,1,1,0,0,0,0,326
35,1,1,0,1,0,1,0,292
47,7,1,0,0,222,1,0,68
31,7,1,1,0,414,1,0,215
56,5,2,0,0,223,1,0,97
57,9,1,1,0,197,0,0,32
36,1,1,1,0,-251,1,0,162
45,6,0,1,0,-139,1,0,152
47,1,1,3,0,733,1,0,268
29,9,2,2,0,0,1,0,104
57,7,1,1,0,1,0,0,852
45,1,1,0,0,97,1,0,923
31,1,2,0,0,435,1,0,159
31,4,0,2,0,0,1,0,953
37,9,2,2,0,147,0,0,416
30,9,2,2,0,3,1,0,174
58,7,0,1,0,1109,1,1,180
33,7,1,1,0,404,1,0,139
39,1,1,0,0,981,1,0,294
33,1,2,0,0,95,1,0,102
34,7,1,1,0,302,1,0,124
36,7,0,1,0,-290,1,1,128
37,7,2,1,0,259,1,0,130
35,1,1,1,0,527,1,1,143
55,5,1,1,0,102,1,0,74
34,4,2,2,0,872,1,0,105
40,4,0,2,0,490,1,0,477
42,1,2,0,0,19,1,0,158
37,1,1,1,0,16,1,0,250
42,4,1,2,0,386,1,0,168
35,9,2,1,0,539,1,0,520
44,9,0,1,0,-329,1,0,171
30,7,2,1,0,-174,1,0,113
45,2,1,1,0,68,1,0,254
35,1,2,3,1,-532,1,0,149
36,0,0,1,0,0,1,0,133
49,1,1,1,0,64,1,0,293
31,1,2,1,0,1415,1,0,485
31,9,2,1,0,147,1,0,374
39,1,1,1,0,72,1,0,425
37,7,2,1,0,-196,1,0,207
33,1,1,0,0,716,1,0,83
37,4,1,2,0,0,1,0,228
42,7,1,1,0,-246,1,0,149
56,1,1,1,0,-203,1,0,139
37,0,2,1,0,245,1,1,732
36,7,2,1,0,342,1,0,142
29,9,2,2,0,3,1,0,359
54,4,1,2,1,-248,1,1,112
38,1,1,1,0,376,1,0,1521
43,1,0,1,0,370,1,0,216
47,0,2,1,0,594,1,0,161
47,1,1,1,0,387,1,0,122
38,7,1,1,0,208,1,0,800
40,1,1,1,0,563,1,0,615
33,7,0,1,0,392,1,1,254
33,5,1,1,0,165,0,0,111
53,0,0,3,0,236,1,0,354
37,7,1,0,0,52,1,0,359
40,4,2,2,0,1265,1,0,97
37,1,1,0,0,693,1,0,327
35,9,1,1,0,118,1,0,236
49,1,1,0,0,3659,1,0,160
26,1,2,1,0,24,1,0,180
38,4,2,2,0,673,1,0,184
52,6,1,1,0,273,0,0,227
33,7,0,1,0,327,1,0,109
31,0,2,1,0,299,1,0,492
32,1,1,1,0,0,1,0,298
35,1,2,0,0,109,1,0,83
55,4,0,2,0,552,0,0,241
32,1,0,0,0,473,1,0,204
37,11,2,3,0,414,1,0,131
45,1,1,1,0,154,1,0,1138
31,9,1,1,0,344,1,0,123
38,0,1,1,0,8,1,0,125
37,7,1,1,0,78,1,0,295
38,1,1,1,0,266,1,0,287
33,3,1,2,0,98,1,1,109
38,1,1,0,0,83,1,0,140
37,4,2,2,1,45,1,0,204
29,10,1,2,0,8,1,0,233
42,4,1,2,0,263,1,0,254
40,1,1,1,0,306,1,0,184
32,4,1,2,0,233,1,0,193
47,4,0,2,0,447,0,1,126
29,8,2,1,0,872,1,0,230
53,7,0,0,0,-291,1,1,591
31,7,1,2,0,309,1,1,294
59,1,1,1,0,202,1,0,173
29,2,1,0,0,56,1,1,336
59,1,1,0,0,229,1,1,19
44,1,1,0,0,143,1,0,153
38,0,2,1,0,100,1,0,786
49,0,1,1,0,326,1,0,99
43,1,1,1,0,167,1,0,243
52,0,2,1,0,545,1,0,260
40,0,1,1,0,2100,1,1,164
32,7,1,1,0,0,1,1,255
47,0,1,0,0,192,1,0,47
33,4,1,2,0,442,1,0,463
35,4,1,2,0,267,1,0,192
27,7,2,1,0,0,1,0,388
50,1,1,0,0,377,1,0,221
44,5,1,1,0,7624,0,0,126
43,6,1,0,0,66,1,0,175
51,1,1,3,0,37,1,0,256
32,0,2,1,0,64,1,0,202
47,4,0,2,0,34,1,0,104
34,0,0,1,0,627,1,0,283
57,6,1,0,0,1013,1,0,448
43,0,2,1,0,140,1,0,127
40,7,2,2,0,8823,1,0,378
28,1,2,1,0,97,1,0,67
38,1,1,3,0,5,1,0,221
37,10,0,1,0,74,1,0,150
44,0,1,1,0,58544,1,0,144
41,9,1,1,0,169,1,0,296
37,6,1,2,0,444,1,0,401
30,7,2,2,0,542,1,0,435
32,1,1,1,0,-205,1,0,388
30,4,2,2,0,112,1,0,245
35,7,1,1,0,39,0,0,143
55,1,1,1,0,1268,1,0,223
52,1,1,1,0,-98,1,0,423
33,0,1,1,0,44,1,1,231
55,5,1,0,0,-90,1,1,634
33,1,1,1,0,0,0,0,107
40,1,1,1,1,-94,1,1,227
39,1,1,1,1,-345,1,0,69
54,1,1,1,0,-932,1,0,799
39,1,1,0,0,20,1,0,109
49,1,1,1,0,90,1,0,127
52,0,1,1,0,31,1,0,120
27,4,2,2,0,134,1,1,68
26,7,1,1,0,0,1,0,180
40,1,1,1,0,61,1,0,112
47,1,1,1,1,-5,1,0,444
31,7,2,1,0,-45,0,0,246
53,1,2,1,0,156,1,1,259
31,7,1,1,0,564,1,0,223
33,0,1,1,0,-6,1,0,566
35,7,1,1,0,528,0,0,274
46,2,1,3,0,1481,1,0,49
31,4,1,1,0,2019,0,0,380
35,9,2,1,0,1855,1,0,138
29,4,1,1,0,147,1,1,376
51,9,1,1,0,220,1,0,421
33,1,1,0,0,198,1,0,121
37,4,1,2,0,115,0,0,36
43,0,2,3,0,87,1,0,328
42,9,1,2,0,644,1,0,19
28,1,1,1,0,225,1,1,866
57,5,1,1,0,502,1,0,229
38,7,1,1,0,-32,1,0,154
39,1,1,0,0,106,1,0,56
36,9,1,2,0,301,1,0,1581
57,5,1,2,0,906,1,0,117
44,4,1,3,0,187,1,0,185
48,7,0,1,0,852,1,1,202
46,1,1,0,0,143,1,0,279
43,0,1,1,0,71,0,0,180
49,7,1,1,0,1496,1,0,218
29,7,2,1,0,703,1,0,129
53,1,1,1,0,732,1,0,530
30,7,2,1,0,21,1,0,104
41,4,0,1,0,276,1,0,60
33,9,1,1,0,0,1,0,432
47,1,1,0,0,550,1,0,113
58,5,1,1,0,268,1,0,516
31,10,1,1,0,-825,1,0,179
38,0,2,1,0,137,1,1,125
60,5,1,1,0,42,1,1,386
33,4,2,2,0,54,0,0,262
33,10,2,2,0,1716,1,0,396
52,0,1,0,0,270,1,0,294
42,1,1,0,0,803,1,0,171
30,9,2,1,0,102,1,0,614
33,2,0,2,0,188,1,0,118
46,0,0,1,0,207,1,0,485
51,1,1,0,0,1466,1,0,406
40,10,2,1,0,350,1,0,287
50,0,1,1,0,159,1,0,216
42,2,1,2,0,157,1,1,650
38,9,1,1,0,0,0,0,55
36,0,2,0,0,91,1,0,371
37,10,0,0,0,849,1,0,166
33,4,1,2,0,436,1,0,48
38,1,2,1,0,-1,1,0,72
52,1,1,2,0,297,1,0,55
29,1,1,1,0,313,1,1,144
37,1,1,0,0,310,1,0,474
34,0,1,1,0,475,1,0,559
43,1,1,0,0,61,1,0,261
49,7,1,1,0,1377,1,0,1101
33,9,2,1,0,56,0,0,236
47,0,1,3,0,0,1,0,164
50,9,1,1,0,73,0,0,93
30,1,2,0,0,660,1,0,912
44,7,1,0,0,-79,1,0,179
44,1,0,1,0,558,1,0,485
30,7,2,1,0,342,1,0,206
40,1,1,3,0,-4,1,0,311
41,1,1,3,0,225,1,0,690
34,1,1,0,0,267,1,0,362
53,7,1,0,0,46,1,0,274
35,1,1,0,0,624,1,0,163
34,9,0,1,0,1107,1,1,345
39,0,2,1,0,573,1,0,329
39,4,2,2,0,406,1,0,68
52,7,0,1,0,220,1,0,143
34,1,1,1,0,2308,1,0,1062
37,1,0,0,0,139,1,0,71
39,0,1,1,0,367,1,0,106
52,2,0,0,0,278,1,0,688
35,1,1,0,0,229,1,0,103
36,2,1,2,0,1722,1,0,349
48,9,1,1,0,-500,1,0,78
31,0,0,1,0,308,1,0,194
43,9,0,2,0,1026,1,1,224
43,1,2,0,0,548,1,0,98
39,1,1,1,0,356,1,1,607
40,9,1,0,0,164,1,0,398
58,4,1,2,0,211,0,0,103
31,1,1,0,0,19,1,0,241
41,1,1,1,0,108,1,1,203
37,4,1,2,0,308,1,0,96
44,7,0,1,0,7,1,1,238
37,9,1,2,0,16,1,1,153
39,1,1,0,0,867,1,0,481
41,1,2,1,0,277,1,0,2177
52,1,0,0,0,196,1,0,119
29,1,2,0,0,365,1,1,245
60,1,0,1,0,1310,0,0,152
32,9,1,1,0,186,0,0,418
50,7,2,0,0,148,1,0,198
56,1,1,0,0,862,1,1,198
48,0,1,1,0,359,1,0,374
29,1,1,0,0,190,0,0,51
40,1,1,1,0,4,1,1,263
42,0,0,1,0,0,1,0,229
34,1,1,1,0,42,1,0,154
23,4,2,2,0,2605,1,0,278
30,9,2,2,0,60,1,1,306
51,4,1,0,0,98,1,0,114
52,9,2,1,0,-181,1,0,94
45,9,1,1,0,118,1,0,208
41,1,1,1,0,-15,1,0,169
27,8,2,1,0,671,1,0,332
50,1,1,1,0,1557,1,0,263
36,1,1,0,0,-20,1,0,353
46,1,1,0,0,323,1,0,108
44,1,1,0,0,-171,1,0,441
47,1,1,1,0,438,1,0,46
40,1,1,1,0,316,1,0,266
36,7,2,1,0,174,1,0,223
46,1,1,1,0,442,1,0,105
58,9,1,1,0,786,1,0,165
30,9,0,2,0,-317,1,0,381
43,1,1,1,0,667,1,0,228
29,7,2,1,0,-158,1,0,128
41,4,1,2,0,72,1,0,764
44,2,1,0,0,58,1,0,113
44,7,0,1,0,396,1,1,396
59,1,1,0,0,10,1,0,133
39,4,2,3,0,2887,1,0,42
42,4,1,1,0,0,0,0,234
31,0,1,1,0,89,0,0,297
29,11,2,0,0,50,1,0,50
39,1,2,1,0,29,1,0,214
44,1,1,0,0,420,1,0,110
49,7,2,0,0,114,1,0,99
39,3,1,1,0,365,1,0,274
27,1,2,1,0,0,1,0,191
56,4,1,0,0,-24,1,0,305
43,9,1,2,0,743,1,0,134
37,6,1,0,0,0,0,0,112
54,9,2,1,0,99,1,0,283
38,1,1,1,0,22,1,1,353
31,1,1,0,0,251,1,0,212
34,1,1,1,0,615,1,0,225
35,0,1,0,0,136,1,0,283
44,1,2,3,0,2167,1,0,1273
30,1,1,1,0,309,1,0,1574
51,9,1,1,0,221,1,0,139
37,1,1,0,0,321,1,0,228
39,1,1,2,0,-33,1,0,62
33,4,2,2,0,76,1,0,256
37,4,0,2,0,42,1,0,564
46,1,2,1,0,76,1,0,245
32,0,1,1,0,1293,1,0,161
43,2,1,0,0,526,1,0,79
59,3,0,3,0,873,1,0,152
46,0,1,0,0,40,1,0,591
47,1,1,0,0,117,1,0,113
31,7,2,1,0,671,1,0,193
30,1,1,0,0,145,1,0,299
38,1,1,0,0,1807,0,0,348
44,1,2,1,0,-212,1,1,103
52,9,1,3,0,133,1,0,253
29,7,2,1,0,566,0,0,127
43,0,1,2,0,1924,1,0,244
47,9,1,0,0,145,1,0,157
43,1,1,0,0,487,1,0,548
52,1,0,0,0,-57,1,0,114
32,7,2,1,0,81,1,0,126
40,0,2,1,0,-227,1,0,161
57,9,0,1,0,2710,1,1,333
30,7,0,1,0,98,1,0,155
48,1,1,1,0,1230,1,1,152
46,1,1,1,0,78,1,1,145
59,5,0,0,0,137,1,1,66
50,1,1,0,1,354,1,0,123
50,1,0,0,0,149,1,0,74
33,1,0,1,0,126,1,0,248
39,9,2,3,0,0,1,0,130
57,5,0,1,0,8266,1,0,71
49,1,1,3,0,51,1,0,984
41,1,1,0,0,258,1,0,252
43,9,1,0,0,117,1,0,84
29,4,1,2,0,199,1,1,1689
56,7,1,0,0,219,1,0,130
46,9,1,1,0,1571,1,0,489
42,1,1,0,0,223,1,0,41
36,1,1,0,0,-79,0,0,159
29,7,1,0,0,321,1,0,196
43,0,2,1,0,2527,1,0,276
48,0,1,1,0,5,1,0,697
38,1,2,0,0,20,1,0,81
46,1,1,1,0,1045,1,1,149
44,1,1,1,0,1,1,0,281
28,4,1,2,0,3,1,0,122
28,1,1,0,0,-55,1,0,361
36,9,0,1,0,141,1,0,319
37,1,1,1,0,374,1,0,944
56,4,1,0,0,93,1,0,282
46,1,2,2,0,460,1,0,1102
34,7,0,1,0,78,1,0,35
32,2,1,1,0,135,1,0,143
33,9,1,1,0,367,1,1,22
36,7,2,1,0,248,1,0,90
35,7,1,1,0,630,1,0,17
44,0,2,1,0,-30,1,0,404
37,9,1,1,0,157,1,0,238
48,0,0,1,0,268,1,0,71
38,1,1,1,0,164,1,0,309
44,9,1,1,0,-97,1,0,408
31,0,0,1,0,53,1,0,128
35,4,0,2,0,788,1,0,297
54,9,0,1,0,1904,1,1,280
28,0,2,1,0,260,1,0,374
38,10,1,0,0,447,1,0,365
48,9,1,1,0,720,1,0,177
31,1,1,2,0,2827,1,0,238
59,5,1,3,0,0,0,0,425
29,0,2,1,0,1117,1,0,77
28,1,1,1,0,597,1,0,223
50,1,1,0,0,362,1,0,201
31,6,2,2,0,120,1,0,239
32,0,2,1,0,89,1,1,308
30,7,1,1,0,442,1,0,137
32,4,2,2,0,111,1,0,162
29,9,2,1,0,247,1,0,134
30,0,0,1,0,1,1,0,175
34,4,1,0,0,6,1,0,125
34,1,2,1,1,-947,1,0,211
41,1,1,0,0,191,1,0,67
36,1,1,1,0,-147,1,0,156
31,9,2,2,0,703,1,0,943
39,1,1,0,0,70,0,0,813
36,9,1,1,0,83,1,0,178
39,1,1,1,0,125,1,0,142
37,1,1,0,0,190,1,1,194
52,1,1,1,0,46,1,0,132
25,4,2,2,0,1348,1,0,109
42,9,1,1,0,420,1,0,94
27,7,0,1,0,96,1,0,31
42,1,1,0,0,271,1,0,84
29,0,0,1,0,1320,1,1,489
38,1,1,0,0,54,1,0,180
42,2,1,0,0,198,1,0,314
35,6,1,0,0,1094,1,0,207
41,4,1,2,0,141,1,1,146
57,5,1,0,0,207,1,0,193
36,1,1,1,0,-206,1,0,177
56,4,0,2,0,177,1,0,1040
33,1,0,0,0,176,1,0,622
41,2,0,2,0,-413,1,0,170
33,1,1,0,0,-81,1,0,267
35,4,0,2,0,3837,1,0,1084
43,4,1,2,0,870,1,1,528
36,0,2,1,0,206,1,0,183
37,9,1,1,0,316,1,0,238
51,4,1,0,1,57,1,1,61
28,3,0,0,0,1,1,0,923
43,1,1,1,1,-7,0,0,70
32,1,2,0,0,611,1,0,541
36,2,2,1,0,157,1,0,41
33,10,2,1,0,233,1,0,221
39,0,1,1,0,419,1,1,35
28,1,1,1,0,134,1,0,262
26,9,2,1,0,2087,0,0,151
40,9,1,2,0,103,1,0,135
44,3,1,1,0,281,1,0,604
34,4,1,2,0,133,1,0,65
47,1,1,0,0,1865,1,0,380
55,1,2,2,0,325,1,0,693
48,1,0,0,0,-18,1,0,11
36,1,2,0,0,49,1,0,405
31,4,2,2,0,7444,1,1,20
30,4,2,2,0,59,1,1,202
46,1,1,0,0,45,1,0,235
30,0,2,1,0,387,1,0,75
32,1,2,1,0,5,1,1,134
48,1,2,3,0,71,1,0,101
48,0,2,1,0,96,1,0,255
36,7,2,2,0,72,1,0,80
41,0,2,1,0,1715,1,0,462
49,0,2,0,0,181,1,0,161
26,1,1,1,1,20,1,0,200
38,4,1,1,0,65,1,0,56
27,8,2,1,0,81,1,0,238
51,5,1,1,0,226,1,1,418
33,0,0,1,0,1128,1,0,139
53,10,1,1,0,582,1,0,96
36,9,1,1,0,5611,1,0,39
48,9,0,1,0,177,1,0,471
27,0,2,1,0,181,1,0,231
42,9,1,1,0,0,1,0,66
61,1,1,0,0,734,1,0,204
31,6,1,2,0,322,1,0,159
37,1,2,1,0,134,1,0,200
34,2,1,2,0,10350,1,0,187
55,9,1,3,0,84,1,0,166
24,7,1,1,0,620,1,0,144
41,9,1,3,0,254,1,0,690
34,1,2,0,0,0,1,0,323
29,1,1,1,0,5903,1,0,194
42,1,2,0,0,134,1,1,82
45,7,1,1,0,1381,1,0,269
49,4,1,1,0,104,1,0,285
26,1,2,0,0,318,1,0,101
35,9,2,1,0,2151,1,0,294
49,7,1,1,0,-8,1,0,1119
44,1,1,0,0,185,1,0,249
41,4,1,2,0,1773,0,0,106
50,1,1,0,0,40,1,0,152
58,5,1,2,0,44,1,0,12
43,1,1,1,0,0,1,0,187
34,4,1,2,0,0,1,0,214
57,0,0,1,0,3058,1,0,268
43,7,0,1,0,130,1,0,193
38,7,1,1,0,507,1,0,95
35,6,1,2,0,844,1,0,60
49,0,1,0,0,458,1,0,381
33,1,1,0,1,-744,1,0,206
60,5,1,0,0,-2,1,0,75
33,9,2,2,0,129,1,0,128
33,7,0,1,0,411,1,0,216
47,4,1,2,0,643,1,0,155
37,9,2,3,0,391,1,0,103
34,1,1,1,0,80,1,1,494
32,9,2,1,0,10,1,0,107
36,0,1,1,0,114,1,1,147
40,1,2,1,0,1,1,0,190
57,4,1,2,0,1341,1,0,339
48,1,1,0,0,4,1,0,198
26,1,1,1,0,2770,1,0,141
30,4,2,2,0,5956,1,0,255
41,0,1,1,0,55,1,0,1120
30,6,1,1,0,131,1,0,306
35,4,1,2,0,1942,1,0,249
36,2,1,3,0,298,1,0,215
52,9,1,1,0,291,0,0,143
45,1,1,0,0,85,1,0,162
35,4,2,2,0,797,1,0,81
46,1,2,1,0,152,1,0,33
39,1,1,0,0,481,1,0,204
38,4,1,2,0,66,1,0,124
38,1,1,1,0,4586,1,0,784
31,9,2,2,0,1798,1,0,393
39,4,2,2,0,220,1,0,87
32,1,1,1,0,715,1,0,108
32,7,1,1,0,442,1,0,207
26,8,2,1,0,85,1,0,278
35,9,1,1,0,319,1,0,74
26,1,2,1,0,-29,1,0,196
33,0,2,1,0,303,0,0,149
41,11,2,0,0,2398,1,0,287
30,2,1,1,0,31,0,0,229
36,9,2,1,0,1832,1,0,154
46,7,1,1,0,2019,1,0,357
30,1,1,0,0,3,1,0,147
46,7,1,1,0,397,0,0,93
38,9,1,2,0,1161,1,0,665
24,9,2,2,0,777,1,0,131
41,4,0,2,0,47,1,0,160
28,9,1,0,0,-58,1,0,74
55,10,2,2,0,1513,1,0,60
40,4,1,2,0,121,0,0,82
38,4,0,2,0,904,1,0,475
40,9,1,1,0,697,1,0,111
54,7,1,1,0,841,1,0,284
49,3,1,1,0,7317,1,0,140
44,1,1,1,0,-95,1,0,110
32,4,2,2,0,751,1,0,64
36,1,1,0,0,250,1,0,149
35,9,2,1,0,365,1,0,256
31,4,2,2,0,1315,1,0,156
34,9,1,1,0,65,1,0,63
36,4,1,2,0,1852,0,0,362
44,0,2,1,0,-84,1,0,32
44,1,2,1,0,36,1,0,712
51,1,1,3,0,125,1,0,102
36,1,1,1,0,0,0,0,338
37,1,1,1,0,105,1,0,69
31,7,1,1,0,432,1,0,446
42,1,1,0,0,555,1,0,249
55,2,1,0,0,-24,1,0,176
57,4,1,2,0,2261,1,0,1007
33,7,1,1,0,804,1,1,266
44,1,1,1,1,-617,1,0,172
30,9,1,1,0,-1,1,0,323
37,7,1,1,0,237,1,0,175
32,0,1,1,0,514,1,0,459
33,1,1,1,0,1988,1,0,211
31,9,2,2,0,491,1,0,237
46,9,1,2,0,675,1,0,50
34,1,2,1,0,177,1,0,500
51,0,0,1,0,340,1,0,186
49,9,1,0,0,230,1,0,96
52,4,2,2,1,0,0,0,98
43,9,1,2,0,2331,1,0,364
35,1,0,1,0,0,1,0,477
27,8,2,1,0,217,1,0,319
43,1,1,0,0,186,1,0,178
49,0,0,1,0,168,1,1,513
50,7,0,1,0,145,1,0,170
33,0,0,1,0,140,1,0,139
49,7,1,1,0,-22,1,0,70
50,9,1,1,0,389,1,0,110
42,0,1,1,0,323,1,1,280
28,7,1,1,0,6,1,0,667
41,9,1,1,0,225,1,1,63
34,7,1,1,0,142,1,0,159
58,1,1,0,0,5,0,0,177
46,1,1,0,0,174,1,1,108
46,1,1,0,0,-768,1,0,194
42,1,1,1,0,30,0,0,366
40,1,1,0,0,968,1,1,213
42,1,0,1,0,47,1,1,141
33,2,1,1,0,0,1,1,982
27,7,1,0,0,91,1,0,168
43,1,1,0,0,-77,1,0,468
28,1,1,3,0,486,1,0,180
34,1,2,1,0,341,1,0,195
37,7,1,1,0,50,1,0,352
41,7,1,1,0,205,1,0,91
39,0,2,1,0,762,1,0,288
37,9,2,2,0,31,1,0,72
41,10,1,0,1,-581,1,0,218
36,7,2,1,0,-45,1,0,289
51,1,1,0,0,0,0,0,384
28,6,1,2,0,120,1,1,130
31,1,1,1,0,335,1,0,226
33,7,1,1,0,-232,1,0,208
28,0,0,1,0,785,1,0,442
31,7,1,1,0,28,1,0,101
43,4,2,2,0,2067,1,0,756
48,1,1,0,0,448,1,0,189
26,8,2,2,0,37,1,0,108
34,9,2,2,0,301,1,0,205
38,1,1,0,0,668,0,0,238
51,0,0,1,0,115,1,1,136
49,0,2,1,0,275,0,0,14
60,5,1,0,0,414,0,0,395
32,4,2,2,0,3,1,0,161
36,0,0,1,0,496,0,0,269
28,4,2,2,0,150,1,0,491
34,4,2,2,0,163,0,0,44
40,0,2,1,0,1322,1,0,26
33,3,1,0,0,1713,1,0,22
37,0,1,0,0,242,1,0,161
40,4,1,2,0,-29,0,0,406
59,5,0,2,0,381,1,0,422
39,1,2,1,0,82,1,0,147
28,4,2,2,0,21,1,0,219
30,7,1,1,0,1801,1,0,807
40,1,1,0,0,640,1,1,347
28,1,1,0,0,113,1,0,534
39,1,1,1,0,1042,1,0,58
44,7,0,1,0,240,1,0,155
39,7,2,1,0,-244,1,0,152
30,1,1,0,0,70,1,1,461
35,1,1,1,0,-339,1,0,389
31,4,1,2,0,59,1,0,314
47,4,1,0,0,1222,1,0,28
26,8,2,3,0,-41,1,0,229
25,1,2,1,0,0,1,0,30
42,4,1,2,0,6,1,0,103
30,1,1,0,0,4,1,0,32
28,7,1,1,0,20,1,1,252
46,0,0,2,0,846,1,0,369
43,1,0,1,0,338,1,0,116
38,9,1,3,0,90,1,1,20
31,1,1,0,0,406,1,0,31
29,7,2,1,0,2,0,0,190
34,7,1,1,0,2211,0,0,149
40,1,1,0,0,87,1,0,210
30,9,2,2,0,178,1,0,234
44,9,1,3,0,185,1,1,63
38,1,1,1,0,-210,1,0,21
43,4,0,2,0,388,1,0,2087
32,1,1,1,0,1,1,0,102
33,4,1,1,1,879,1,0,245
32,1,1,1,0,214,1,0,190
40,9,1,3,0,698,1,0,223
34,4,1,2,0,1601,1,0,650
30,1,1,1,0,717,1,0,42
53,1,0,0,0,255,1,0,206
39,4,2,2,0,375,1,0,66
46,1,1,0,0,587,1,0,173
32,4,1,2,0,644,1,1,477
60,9,1,3,0,0,1,0,77
40,4,2,2,0,-275,1,0,219
47,1,1,1,0,116,1,0,376
25,2,1,2,0,37,1,1,453
44,1,1,0,0,753,1,0,151
38,1,2,0,0,162,1,0,200
45,0,0,1,0,984,1,0,298
34,1,1,1,0,199,1,0,627
36,7,0,1,0,241,1,0,133
30,1,2,1,0,648,1,1,287
35,1,2,1,0,907,1,1,242
39,10,0,1,0,6322,0,0,184
46,1,1,1,0,125,1,1,119
36,6,1,0,0,90,1,0,403
22,9,2,1,0,54,1,1,626
26,1,2,1,0,-132,0,0,12
48,0,0,1,0,267,0,0,266
32,1,1,0,0,289,1,0,23
58,6,0,1,0,613,1,0,154
57,2,1,3,0,618,1,0,10
53,4,1,2,0,1786,1,0,66
29,4,0,2,0,607,1,1,240
34,7,1,1,0,586,1,1,224
32,7,2,1,0,459,1,0,202
55,2,1,0,0,298,1,0,144
50,1,0,0,0,134,0,0,263
43,1,1,0,0,34,1,0,543
44,7,2,1,0,1378,1,0,257
27,1,1,2,0,417,1,1,237
35,1,1,1,0,25,1,0,23
45,7,1,1,0,22,1,0,209
35,1,2,0,0,398,1,0,34
49,1,2,0,0,1164,1,0,72
34,4,1,1,0,487,1,0,442
46,0,1,1,0,1069,1,0,45
43,1,1,0,0,-192,1,0,1120
42,5,1,0,0,0,1,0,186
55,1,1,0,0,332,1,0,318
37,1,1,1,0,121,1,0,617
31,1,1,0,0,68,1,0,226
57,1,0,0,0,-176,1,0,275
33,1,1,1,0,527,1,1,81
43,7,2,3,0,193,1,0,74
60,1,0,0,0,7601,1,0,285
51,4,1,2,0,751,0,0,261
38,1,2,3,0,495,1,0,297
37,9,2,1,0,670,1,0,78
41,1,2,1,0,363,1,0,183
42,1,1,1,0,376,1,0,15
41,4,0,2,0,292,1,0,352
33,9,1,3,0,0,0,0,345
32,0,2,1,0,184,1,0,230
30,7,1,1,0,80,1,0,185
43,9,1,1,0,1824,1,0,296
30,1,1,1,0,2850,0,0,181
37,1,0,1,0,48,1,0,133
34,4,1,2,0,76,0,0,335
32,10,2,2,0,336,1,0,139
42,9,1,1,0,0,0,1,7
35,9,2,1,0,433,1,0,163
34,1,1,1,0,103,1,1,956
50,1,1,0,0,1164,1,0,166
34,1,1,1,0,129,1,0,71
38,7,0,1,0,5873,0,0,191
28,1,1,1,0,0,1,0,459
55,1,1,0,0,82,1,0,292
38,1,1,0,0,362,1,0,100
31,1,1,1,0,186,1,0,257
57,0,1,1,0,1216,1,0,255
50,4,0,2,0,704,1,0,233
47,1,1,0,0,205,1,0,128
39,1,1,0,0,830,1,0,246
34,7,1,1,0,-315,1,0,56
41,9,1,1,0,64,1,1,210
59,2,1,2,0,-820,0,0,43
35,6,2,2,0,538,1,1,21
31,9,2,2,0,948,1,0,91
55,4,1,2,0,1288,1,0,67
36,1,1,3,0,70,1,0,219
41,4,1,2,0,393,1,0,110
44,9,2,1,0,365,1,0,169
40,1,2,1,0,879,1,1,248
32,1,1,1,0,491,1,0,223
38,4,2,2,0,0,1,0,92
27,8,2,1,0,0,0,0,93
33,10,1,1,0,229,1,0,205
37,7,1,1,0,22,1,1,160
40,4,1,2,0,570,1,0,105
33,1,2,1,0,56,1,0,112
40,0,2,1,0,118,1,0,383
27,1,1,1,0,106,1,0,207
42,4,2,2,0,1768,1,0,193
41,1,1,1,0,213,1,0,10
37,10,2,1,0,381,1,0,985
38,10,1,0,0,1147,1,1,249
44,1,1,1,0,373,1,0,122
31,1,1,0,0,50,1,0,300
34,1,1,1,0,67,1,1,672
46,1,1,0,0,0,1,1,390
33,0,1,1,0,61,1,1,116
36,1,1,1,0,504,1,0,481
32,10,2,1,0,177,1,0,21
27,9,2,1,0,584,1,0,192
31,7,1,0,0,-732,1,0,6
41,4,2,2,0,572,1,0,8
35,1,1,0,0,105,1,0,369
50,9,2,2,0,0,1,0,393
33,9,1,1,0,832,1,1,246
48,1,1,0,0,2642,1,0,330
36,9,1,1,0,195,1,0,380
29,3,2,1,0,718,1,0,91
34,4,1,2,0,336,1,1,84
39,1,1,0,0,332,1,0,277
32,4,0,2,0,1,1,0,399
59,5,0,0,0,-138,1,1,89
50,1,1,0,0,749,0,0,297
37,0,1,1,0,14,1,0,176
33,10,2,1,0,177,0,0,75
52,1,1,1,0,557,0,0,111
43,1,1,0,0,126,1,0,170
53,1,1,1,0,359,0,1,238
37,1,1,0,0,496,1,0,137
50,7,2,1,0,72,0,0,141
53,1,1,1,0,175,1,0,49
47,1,1,0,0,430,0,0,89
48,9,0,2,0,574,1,0,341
35,9,0,1,0,69,1,0,461
42,6,1,1,0,106,1,0,515
43,4,0,2,0,0,1,0,123
40,7,2,1,0,23,1,0,179
36,7,1,1,0,42,1,0,102
39,4,1,2,0,429,1,0,272
32,1,0,0,0,88,1,0,17
44,4,0,2,0,3932,1,0,40
43,9,0,1,0,177,1,0,209
53,6,1,1,0,468,1,0,89
41,7,1,1,0,639,1,0,1187
53,4,1,2,0,2124,1,0,123
31,10,1,0,0,309,1,0,104
51,1,1,0,0,202,1,0,200
32,1,1,1,0,20,1,1,117
52,1,1,1,0,-17,1,0,37
41,4,1,0,0,-417,1,0,51
30,4,2,2,0,528,1,0,145
32,4,2,2,0,394,1,0,466
31,1,1,0,0,856,1,0,303
38,1,1,1,0,468,1,0,101
44,1,1,1,0,138,1,0,283
36,1,1,1,0,406,1,0,826
34,0,1,2,0,221,1,0,185
40,0,1,1,0,523,1,1,598
41,1,1,0,0,-52,1,0,120
56,9,0,1,0,397,1,0,185
39,1,1,0,0,-432,1,0,159
34,1,1,0,0,298,1,0,220
41,1,2,1,0,1080,1,1,192
39,4,2,2,0,-85,1,0,423
33,0,1,1,0,4012,0,1,337
52,4,0,1,0,123,0,0,306
26,4,2,2,0,498,1,0,99
54,10,1,1,0,23,1,0,27
30,9,1,3,1,-315,1,0,201
35,4,1,2,1,89,0,1,166
47,9,0,1,0,699,1,0,182
53,1,0,1,0,145,1,0,193
29,1,2,1,0,-138,1,1,271
36,9,1,2,0,491,1,0,103
35,4,1,2,0,820,1,0,287
43,1,1,1,0,1376,1,0,235
38,1,1,0,0,0,1,0,732
39,1,1,1,0,507,1,0,136
58,4,1,1,0,771,0,0,126
33,7,1,1,0,310,1,0,172
60,1,1,0,0,136,1,0,43
45,0,1,1,0,310,1,0,191
39,1,1,0,0,813,1,0,117
35,4,1,2,0,14,1,1,64
41,1,1,0,0,-97,1,0,260
40,7,1,0,0,332,1,0,149
33,7,1,1,0,5034,1,0,207
32,0,0,1,0,281,1,0,231
44,4,1,1,0,576,1,0,128
34,4,2,2,0,1891,1,0,162
29,7,2,1,0,473,1,1,180
49,1,1,0,0,216,1,0,144
31,1,1,1,0,-13,1,0,260
47,0,0,1,0,162,1,0,203
34,1,1,0,0,365,1,0,85
32,4,2,2,0,264,1,0,211
32,0,2,2,0,490,1,0,94
56,9,2,0,0,230,1,0,122
28,9,2,1,0,-9,1,1,175
35,9,2,1,0,317,1,0,292
52,6,2,2,0,458,1,1,132
35,9,1,1,0,19,1,0,130
32,1,1,1,0,536,1,0,208
42,4,0,1,0,117,1,0,105
51,1,2,0,0,368,1,0,205
47,1,1,1,0,-98,1,0,112
34,7,1,1,0,627,1,0,117
45,0,1,1,0,180,1,0,218
31,9,0,1,0,26,1,0,62
40,1,1,0,0,2171,1,0,97
53,2,1,1,0,-118,1,0,101
44,9,2,1,0,1059,1,0,286
49,1,1,0,0,186,1,0,241
47,7,1,1,0,1306,1,0,252
31,1,1,0,0,3007,1,0,283
45,0,2,1,0,-88,1,0,131
30,1,1,0,0,265,1,1,380
40,1,0,0,0,21,1,0,584
27,0,2,3,0,230,1,0,371
28,0,1,1,0,252,1,0,448
28,0,2,2,0,422,1,0,274
44,1,1,1,0,85,1,0,116
35,4,1,2,0,4286,1,0,357
29,1,1,1,0,0,0,0,215
33,1,0,0,0,60,0,0,131
32,1,1,1,0,687,1,0,61
35,1,2,1,0,40,1,0,617
31,9,2,2,0,22,1,0,483
36,9,2,1,0,-333,1,1,847
41,9,1,1,0,483,1,0,319
35,1,1,1,0,503,1,1,57
40,1,1,1,0,1245,1,0,306
42,1,1,1,0,117,1,0,147
34,9,2,2,1,33,1,1,244
41,9,2,1,0,-320,1,0,128
43,1,0,0,0,49,1,0,100
37,4,1,2,0,0,1,0,59
26,1,2,1,0,100,1,0,24
32,3,1,0,0,344,1,0,85
51,1,1,1,0,-286,1,0,70
38,1,2,1,0,57,1,0,21
51,10,0,1,0,370,0,0,167
49,7,0,1,0,470,1,0,659
31,3,1,1,0,0,1,0,327
33,1,1,0,0,767,1,0,296
30,0,2,3,1,1,0,0,307
33,9,1,1,0,0,0,0,120
41,10,1,1,0,121,1,0,390
37,1,1,1,0,190,1,0,83
33,1,1,0,0,120,1,0,250
32,7,1,1,0,2068,1,1,143
46,9,1,1,0,332,1,0,772
34,4,2,2,0,-322,0,0,198
32,1,1,0,0,274,1,0,21
43,1,2,1,0,3,1,0,929
28,1,1,1,0,6,1,0,254
46,9,0,2,0,288,1,0,166
52,7,0,0,0,146,1,0,93
34,1,1,1,0,286,1,0,134
27,9,0,1,0,114,1,1,375
32,9,2,2,0,190,1,1,352
37,1,2,1,0,111,1,0,217
29,4,1,2,0,246,1,0,45
40,3,0,1,0,108,0,0,93
47,9,1,0,0,187,1,0,165
34,1,1,1,0,457,1,0,266
25,0,2,1,0,131,1,1,237
30,4,1,2,0,1825,1,0,164
31,0,1,1,0,307,1,0,538
35,1,1,1,1,-198,1,0,72
32,1,0,1,0,739,1,0,171
28,1,2,1,0,759,1,0,710
27,7,2,1,0,777,1,0,131
37,1,1,0,0,378,1,0,514
35,1,2,0,0,337,1,0,127
34,1,1,0,0,-78,1,0,198
31,0,1,1,0,355,1,0,239
36,4,0,2,0,133,1,0,117
38,9,1,1,0,32,1,0,705
25,7,1,1,0,55,1,1,155
51,4,2,2,0,417,1,0,18
26,1,2,1,0,153,1,0,386
40,5,1,2,0,794,0,0,138
26,7,2,1,0,187,1,0,341
36,7,1,1,0,335,1,0,339
59,1,1,1,0,1407,1,0,232
26,1,2,1,0,-116,1,1,208
49,6,1,2,0,1842,1,0,124
33,1,1,0,0,329,1,0,44
31,1,1,1,0,428,1,0,75
59,4,2,1,0,181,1,0,485
38,2,1,1,0,2139,1,0,576
37,7,2,1,0,253,1,1,280
31,10,2,2,0,133,1,0,480
54,5,1,1,0,785,1,0,86
41,1,1,0,0,-45,1,1,121
44,4,1,2,0,223,1,0,93
28,0,2,1,0,2831,1,0,211
22,8,2,1,0,2412,1,0,238
31,1,1,0,0,11,1,0,399
36,7,1,1,0,211,1,0,93
37,0,0,1,0,34,1,0,144
54,0,1,1,0,222,1,0,45
28,4,2,2,0,3285,1,0,98
42,1,1,0,0,-67,1,0,128
35,9,2,2,0,670,1,0,106
29,0,1,1,0,0,1,0,121
59,1,2,0,0,96,1,0,123
46,1,1,1,0,-3,1,0,92
32,6,2,1,0,123,1,0,278
43,4,0,2,0,443,1,0,219
41,1,1,0,0,406,1,0,2462
31,0,1,1,0,535,0,0,249
26,7,2,1,0,302,1,0,210
29,1,1,0,1,-43,1,0,484
31,7,1,1,0,-346,0,0,187
37,1,0,1,0,-271,1,0,172
35,9,1,1,0,55,1,0,79
31,9,2,2,0,375,1,0,207
30,1,1,1,0,-2,1,0,136
29,1,2,0,0,-680,1,0,117
29,0,0,1,0,0,0,0,393
39,1,2,1,0,217,1,0,107
31,1,2,1,0,160,1,0,25
27,4,2,2,0,118,1,0,132
22,0,2,1,0,-1,1,0,136
31,4,2,1,0,453,1,0,384
39,1,2,1,0,169,1,0,38
25,0,2,1,0,787,1,0,164
27,6,2,1,0,78,1,0,825
28,9,2,2,0,2269,1,0,331
31,10,1,0,0,213,1,0,479
46,9,0,1,0,164,1,0,229
37,1,1,1,0,934,0,0,258
27,7,2,1,0,4,1,1,490
34,10,0,1,0,354,1,0,308
30,9,2,1,0,23,1,0,137
23,8,2,1,0,318,1,0,545
33,9,0,1,1,-305,0,1,109
43,0,1,1,0,616,1,0,168
50,1,1,0,0,2590,1,0,257
31,9,1,1,0,1868,1,0,213
32,1,2,1,0,-578,0,0,115
32,0,2,1,0,-227,1,1,646
37,9,0,1,0,1981,1,0,106
60,4,0,3,0,404,1,0,95
47,1,0,1,0,65,1,0,205
32,1,1,1,1,-1,1,0,653
34,7,1,1,0,-68,1,0,122
36,1,0,3,0,0,1,0,377
28,7,2,1,0,229,1,0,322
31,7,0,1,0,1656,1,0,208
43,3,1,0,0,1342,1,1,46
32,10,2,1,0,331,1,0,211
31,7,1,1,0,238,1,1,156
56,0,1,0,0,202,1,0,178
34,4,2,2,0,318,1,0,133
46,9,2,1,1,-1124,1,1,206
27,0,2,1,0,662,1,0,544
33,1,1,1,0,1790,1,1,143
35,1,1,0,0,198,1,0,471
29,4,2,2,0,726,1,0,200
39,4,1,2,0,183,1,0,324
48,1,1,1,0,149,1,0,71
58,1,1,0,0,-91,1,0,164
36,1,1,1,0,-9,1,0,137
33,1,1,0,0,134,1,0,91
32,4,1,2,0,0,0,0,280
32,2,2,2,0,6259,1,0,230
31,0,1,1,0,27,0,1,63
30,1,2,0,0,383,1,0,135
30,4,2,2,0,1108,1,1,261
40,1,1,0,0,117,1,0,215
35,1,1,0,0,108,1,0,200
42,1,1,0,0,479,1,0,391
60,9,1,0,0,65,1,0,1028
28,7,2,1,0,234,0,0,107
29,0,2,1,0,-53,1,0,108
33,10,1,1,0,-131,1,1,145
23,7,2,1,0,-39,1,1,142
34,1,1,0,0,139,1,0,106
29,7,2,1,0,262,1,0,134
32,1,2,1,0,160,1,0,190
55,7,1,1,0,186,1,1,241
39,5,2,0,0,-79,0,0,180
37,0,2,1,0,1113,1,0,237
26,1,2,1,0,82,1,0,654
35,4,0,2,0,321,1,0,189
26,4,2,2,0,1326,1,0,70
34,9,2,2,0,2257,1,0,62
55,1,1,0,0,1373,0,0,1087
39,7,1,1,0,304,1,1,323
27,8,1,2,0,659,1,0,111
30,2,2,1,0,491,1,0,197
28,4,2,3,1,101,1,0,224
33,1,2,1,0,33,1,0,557
43,4,1,2,0,291,1,0,150
50,7,1,2,0,218,1,0,388
26,1,2,0,0,102,1,0,89
33,1,1,1,0,88,1,0,57
47,1,1,0,0,94,1,0,209
33,4,2,1,0,-665,1,1,188
34,1,1,1,1,-331,1,1,342
33,1,2,1,0,550,1,0,84
23,8,2,1,0,151,1,0,97
29,6,2,2,0,5406,0,0,530
33,1,1,1,0,269,1,0,365
41,4,1,3,0,2457,1,0,285
27,1,2,1,0,45,1,0,352
34,1,2,1,0,610,1,0,316
53,4,1,1,0,-133,1,0,126
34,4,2,1,0,66,1,0,76
40,1,1,1,0,10,1,0,1692
27,1,1,2,0,350,0,0,24
33,7,1,2,0,546,1,1,253
40,9,2,1,0,360,1,0,73
21,8,2,1,0,6,0,0,622
31,1,1,1,0,0,1,0,133
51,1,1,1,0,22,1,1,178
26,9,2,1,0,57,1,0,404
26,4,1,0,0,1349,1,0,275
32,0,2,1,0,708,0,0,109
31,1,1,1,0,1329,1,1,134
27,10,1,0,0,7459,1,0,407
58,5,0,0,0,47,1,0,225
39,7,1,3,0,-516,1,0,86
30,7,1,1,0,0,1,0,20
29,9,2,2,0,433,1,0,247
38,9,1,1,1,9,1,0,129
29,4,1,2,0,-6,1,0,324
28,1,2,1,0,-197,1,0,2016
41,1,2,1,0,184,1,0,1054
43,1,1,0,0,336,1,0,256
43,1,2,0,0,36,1,0,163
37,9,1,1,0,277,1,0,251
46,1,0,0,0,452,1,0,113
53,1,1,1,0,-135,1,0,193
28,1,2,1,0,7,1,1,125
41,0,1,1,0,442,1,1,344
36,1,1,1,0,590,1,0,282
37,9,1,2,0,447,1,0,1170
38,1,1,1,0,49,1,0,408
32,9,1,1,0,1118,1,1,128
33,1,0,0,0,390,1,0,665
28,9,2,1,0,-125,1,0,67
52,1,0,0,0,-97,1,1,167
30,1,2,1,0,18,0,0,395
37,1,1,1,0,131,1,0,137
27,9,2,1,0,527,1,0,118
31,7,1,1,0,1129,1,0,231
47,4,0,2,0,266,1,0,128
33,1,2,1,0,687,1,0,174
46,1,1,0,0,1726,1,1,195
38,1,1,1,0,-388,1,0,412
33,1,2,0,0,92,1,0,127
44,1,1,0,0,-11,1,0,13
35,4,1,2,0,1510,1,0,61
38,1,1,1,0,171,1,0,286
56,1,1,0,0,420,1,0,76
33,9,2,1,0,513,1,0,53
45,7,1,0,0,137,1,0,274
30,7,1,0,0,21,1,0,409
34,0,1,1,0,-312,1,0,232
32,1,1,1,0,-208,1,1,325
32,1,2,1,0,2,0,0,144
27,0,1,1,0,1033,1,0,1713
48,10,1,1,0,855,1,0,241
54,1,1,0,0,781,1,0,103
29,9,2,2,0,542,1,0,338
37,1,0,1,0,-175,1,0,182
26,2,1,2,0,79,1,1,346
43,4,1,1,0,3,1,0,204
31,1,1,1,0,4471,1,0,296
55,9,1,1,0,2313,1,0,551
45,7,2,1,0,-139,1,0,663
35,9,2,1,0,300,1,0,338
57,6,1,2,1,-3313,1,1,153
49,1,1,0,0,352,1,0,188
23,7,2,1,0,105,1,1,305
49,3,0,0,0,164,1,0,1080
35,4,2,2,0,-202,1,0,1461
38,9,2,2,0,-256,1,0,116
39,2,1,1,0,1261,1,0,129
27,6,2,2,0,-503,1,0,98
37,1,1,1,0,790,0,0,262
57,4,1,1,0,0,1,0,147
38,2,2,2,0,638,1,0,150
26,9,1,1,0,47,1,0,282
46,2,1,3,0,242,1,0,332
44,0,1,1,0,469,1,0,88
44,1,1,0,0,271,1,1,94
28,1,1,1,0,948,1,0,455
37,0,1,1,0,-356,0,1,49
43,9,2,1,0,336,1,0,181
25,0,2,1,0,61,1,0,345
34,1,2,0,0,359,1,0,154
39,1,1,0,0,105,1,0,294
35,4,2,1,0,6809,1,0,750
32,7,1,1,0,59,1,1,202
31,7,1,1,0,0,0,1,81
42,1,1,0,0,0,1,0,214
31,1,2,1,0,216,1,0,128
30,9,2,2,0,2530,1,0,70
29,0,2,1,0,356,1,0,106
29,0,2,1,1,-228,1,0,279
36,1,1,1,0,198,1,0,400
41,7,1,1,0,510,1,0,231
37,1,2,1,0,223,1,0,175
32,4,2,2,0,4,1,0,179
39,2,1,2,0,338,1,0,107
31,4,2,2,0,0,1,0,94
33,1,2,1,0,328,1,0,142
30,9,2,2,0,255,1,0,119
24,8,2,1,0,304,0,0,180
55,1,1,1,0,-256,1,1,136
27,7,2,1,0,683,1,0,44
47,4,0,2,0,84,1,0,229
29,1,1,0,0,608,1,0,184
56,4,1,1,0,230,0,0,73
31,4,2,2,0,12,1,0,330
46,1,1,0,0,881,1,0,126
47,9,2,3,0,77,1,0,83
29,8,2,1,0,510,1,0,25
35,0,0,2,0,1555,1,0,26
31,7,2,1,1,68,1,0,169
29,0,2,1,0,43,1,0,179
48,0,0,3,0,244,1,0,280
59,1,1,1,0,1376,0,1,61
44,4,1,2,0,392,1,0,124
30,0,2,2,0,-396,1,0,89
50,1,1,0,0,89,1,0,210
25,0,1,1,0,10,1,0,393
32,1,1,1,0,150,1,0,1178
49,1,1,0,0,1387,1,1,161
38,0,1,1,0,253,1,0,515
29,1,2,1,0,853,1,0,177
51,4,1,2,0,91,1,0,178
29,1,2,1,0,348,1,0,185
32,0,0,1,0,43,1,0,218
43,10,1,0,0,-178,1,0,191
34,1,1,1,0,2137,0,0,245
37,1,1,0,0,1160,1,0,255
29,0,2,1,0,3986,1,0,488
39,7,2,1,0,126,1,0,211
34,1,1,1,0,6411,1,1,226
28,9,1,1,0,655,1,0,179
37,1,1,0,0,2378,1,0,460
29,1,1,1,0,15,1,1,432
25,0,2,1,0,96,1,0,176
33,1,1,0,0,191,1,0,162
34,0,2,1,0,391,1,0,192
50,1,0,0,0,31,1,0,237
35,1,1,1,0,73,0,0,134
53,4,0,2,0,0,0,0,44
41,1,2,0,0,156,1,0,47
48,1,1,0,0,231,1,0,752
32,1,2,1,0,-83,1,0,116
38,6,1,1,0,138,0,0,182
57,1,1,1,0,221,1,0,122
50,4,1,2,0,3284,1,0,51
40,4,1,2,0,4190,0,0,260
45,4,2,2,0,5694,1,0,214
34,1,2,1,0,297,1,0,407
32,1,1,0,0,-89,1,0,389
28,0,2,1,0,244,1,0,31
30,7,1,1,0,152,1,0,115
41,4,2,2,0,1696,1,0,878
36,1,1,3,0,714,0,0,277
49,7,0,1,0,315,1,0,117
32,6,1,2,0,312,1,0,262
53,4,1,2,0,913,1,0,244
44,10,1,1,0,-407,1,0,119
34,2,0,2,0,338,1,0,162
56,0,0,1,1,-435,1,1,185
27,9,2,1,0,769,1,0,317
32,1,1,1,0,120,1,1,214
43,1,2,0,0,0,0,0,71
34,0,0,0,0,9569,1,0,43
35,6,1,1,0,351,1,0,298
28,0,1,1,0,2,1,0,167
52,4,1,0,0,226,1,0,86
36,1,1,0,0,95,1,0,255
35,4,2,2,0,123,1,0,83
30,0,1,1,0,15,1,0,257
23,4,2,3,0,375,1,0,194
37,2,0,1,0,1190,1,0,268
29,7,2,1,0,487,1,1,176
28,6,2,1,0,123,1,0,97
56,7,0,2,0,2272,1,0,263
27,0,1,1,0,133,1,1,338
33,1,2,0,0,447,1,0,180
53,1,1,0,0,-864,1,0,322
47,1,1,1,0,8,0,0,64
50,7,1,1,0,107,1,0,71
31,0,2,1,0,620,0,0,166
31,1,1,1,0,42,1,0,210
37,4,1,2,0,-120,1,0,77
37,4,2,2,0,493,1,0,328
48,10,1,0,0,296,1,0,164
31,4,2,2,0,6248,1,0,154
34,9,1,1,0,484,0,0,84
32,1,2,0,0,12,1,0,153
54,4,1,2,0,154,0,0,155
31,4,2,2,0,606,1,0,111
55,7,1,1,0,560,1,0,91
27,1,1,1,0,564,1,0,257
36,1,1,1,0,771,1,0,213
33,9,1,1,0,0,1,1,173
43,1,1,0,0,757,1,0,315
42,1,1,1,0,333,1,0,190
48,1,1,0,0,418,1,0,102
41,0,2,1,0,-256,0,1,35
36,9,1,1,0,494,1,0,83
32,7,2,1,0,85,1,0,834
58,4,2,3,0,127,1,0,244
40,7,1,1,0,69,1,0,143
31,4,1,2,0,713,1,0,1534
42,1,1,0,0,-10,1,0,291
34,1,0,1,0,-294,1,0,163
34,9,1,1,0,222,1,0,149
35,9,1,3,0,86,1,0,33
57,4,0,1,0,0,1,1,144
28,1,1,0,0,26,0,0,40
50,9,1,1,0,103,1,0,79
46,6,1,2,0,-80,1,0,112
28,1,1,1,0,131,1,0,147
57,11,1,3,0,106,0,0,836
49,0,1,1,1,15,0,0,290
56,4,2,2,0,4542,0,0,148
56,1,1,1,0,172,1,0,289
49,4,0,2,1,0,1,0,345
50,4,1,2,0,107,1,0,1002
47,0,2,1,0,15,0,0,181
45,1,1,0,0,101,1,0,460
44,10,1,1,0,304,1,0,129
51,1,1,2,0,7816,1,0,76
34,1,1,1,0,0,1,0,111
25,4,1,2,0,784,1,1,104
30,1,1,0,0,2581,0,0,221
39,10,0,1,0,507,1,0,150
25,8,1,2,0,333,1,0,399
34,0,0,1,0,-220,1,1,115
25,1,2,1,0,249,1,0,149
33,1,1,1,0,-257,1,0,92
44,7,0,1,0,210,0,1,111
55,5,1,1,0,18722,1,0,128
54,0,1,1,0,42,1,0,192
43,10,1,1,0,210,1,0,88
35,1,1,1,0,325,0,0,592
27,7,2,1,0,123,1,0,105
42,1,1,0,0,-25,1,0,62
40,9,1,1,0,66,1,0,29
31,1,1,0,0,0,1,1,59
29,9,1,2,0,409,1,0,247
49,9,1,1,0,4785,0,0,160
59,5,0,0,0,121,1,0,144
37,4,1,2,0,0,1,0,346
60,1,1,3,0,231,1,0,57
25,9,2,1,0,1135,1,0,396
28,0,1,1,0,-201,1,0,286
40,7,2,1,0,-278,1,0,400
43,9,2,2,0,16,1,0,282
51,1,1,0,1,-283,1,0,38
28,0,2,1,0,-103,1,0,252
54,4,1,0,0,113,0,0,76
37,1,1,1,0,194,1,0,566
35,6,1,2,0,247,1,0,167
26,4,0,2,1,-402,0,1,127
55,7,2,1,0,-40,1,0,178
57,10,1,1,0,3867,1,0,71
39,1,0,1,0,36,1,0,109
36,7,1,2,0,2167,1,1,120
35,4,2,2,0,243,1,0,102
33,1,1,0,0,2,1,1,409
40,7,2,1,0,737,1,0,117
31,9,1,1,0,286,0,0,177
32,4,2,2,0,311,0,0,757
27,4,2,2,0,541,1,0,145
31,7,2,1,0,2963,1,0,124
28,1,2,1,1,-871,1,0,36
33,1,0,1,0,75,1,1,94
31,1,2,1,0,2597,1,0,189
25,7,1,1,0,-454,1,0,24
29,9,1,1,0,0,0,0,33
47,1,1,0,0,304,1,0,185
59,1,0,0,0,220,1,0,165
35,4,2,2,0,561,1,0,405
33,1,1,0,0,211,1,0,172
31,4,2,2,0,4509,1,0,207
42,4,2,2,0,196,1,0,325
26,9,2,1,0,124,1,0,57
34,1,2,1,0,381,1,0,102
31,0,1,1,0,184,1,0,378
30,1,2,3,1,-149,1,1,164
54,0,1,3,0,-337,1,0,288
52,1,2,0,0,210,1,0,154
40,1,0,0,0,737,1,1,102
56,1,0,1,0,75,1,0,136
25,8,2,2,0,641,1,0,53
60,5,1,1,0,78,1,0,113
43,1,1,0,0,1558,1,0,110
32,2,1,3,0,227,1,0,523
48,1,0,1,0,602,1,0,231
43,6,2,1,0,798,1,0,217
37,9,1,1,0,1047,1,1,151
52,7,0,0,0,111,1,0,179
25,7,2,1,0,-439,1,0,293
31,2,2,2,1,37,1,0,281
35,1,1,1,0,362,1,0,363
27,0,2,1,0,1,1,0,86
41,6,1,1,0,304,1,0,1147
34,9,2,1,0,-89,1,0,209
55,9,1,1,0,276,1,0,486
26,1,1,1,0,288,1,0,49
36,1,1,0,0,650,1,0,170
45,0,1,1,0,171,1,0,539
27,9,1,1,0,-302,1,0,66
31,0,1,1,0,337,0,0,51
29,0,0,1,0,891,0,0,820
26,1,2,1,0,199,1,1,125
46,7,1,1,0,997,1,0,398
32,2,1,2,0,108,1,1,112
25,0,2,2,0,40,0,0,64
54,5,1,0,0,208,0,0,255
31,9,1,1,0,6890,1,0,34
33,0,2,1,0,395,1,0,95
28,9,2,2,0,-214,1,0,140
39,0,2,1,0,496,1,0,788
37,9,1,1,0,183,1,0,194
36,1,1,0,0,199,1,0,165
56,0,0,0,0,179,1,0,306
59,5,1,1,0,434,1,0,63
30,7,2,1,0,122,1,0,501
59,9,1,1,0,371,1,0,832
27,1,2,1,0,3675,0,0,101
29,2,2,2,0,11,1,0,214
48,7,1,1,0,194,1,1,290
44,1,1,1,0,23,1,0,388
33,4,2,2,0,1011,1,0,1495
39,1,2,0,0,446,1,0,183
46,1,1,0,0,-29,1,0,322
28,0,1,1,0,957,1,1,646
31,1,1,1,0,297,1,0,480
40,7,2,1,0,888,1,0,169
37,1,2,1,0,115,1,0,74
29,1,1,1,0,177,1,0,146
29,1,1,1,0,-28,1,0,393
24,1,1,1,0,951,1,0,744
32,0,2,1,0,5,1,0,593
26,0,2,1,0,586,1,1,215
47,2,1,3,1,-1445,1,0,379
26,1,2,1,1,-23,1,0,315
28,1,2,1,0,-284,1,0,162
58,1,1,1,0,1166,1,0,493
35,4,2,2,0,244,1,0,225
29,7,2,1,0,-72,1,0,208
56,1,1,0,0,1399,1,0,80
43,1,1,0,0,0,1,0,3
45,1,1,1,0,431,1,0,29
31,0,2,1,0,130,1,1,132
34,1,1,1,0,187,1,0,379
32,4,1,0,0,142,1,0,101
33,9,2,1,0,14,1,0,188
28,9,2,1,0,-219,1,0,386
43,0,2,1,0,275,1,0,457
49,7,2,1,0,5028,1,0,891
27,7,2,1,0,118,1,1,53
30,7,2,1,0,290,1,0,446
32,1,1,0,0,1064,1,0,326
37,7,0,1,0,904,1,0,507
31,9,2,1,0,628,1,0,1083
56,5,1,0,0,13,1,0,123
26,9,1,2,0,450,1,1,1266
43,1,1,1,0,-63,1,0,160
48,9,0,1,0,164,1,0,139
31,1,2,0,0,985,1,0,178
36,7,2,1,0,616,1,1,156
24,1,1,1,0,237,1,0,200
29,10,1,1,0,380,0,1,154
23,0,2,1,0,290,1,0,163
54,2,0,1,0,104,1,0,391
24,1,2,1,0,117,1,1,470
25,9,2,1,0,276,1,0,268
36,9,2,1,0,-475,1,0,793
40,4,2,3,0,838,1,0,619
29,0,2,1,0,382,1,0,460
29,0,1,0,0,624,1,0,246
48,1,2,0,0,396,1,0,194
23,0,2,1,0,5,0,0,413
37,0,2,1,0,18,0,0,574
31,1,1,0,0,-464,1,1,256
29,7,0,1,0,330,1,0,88
56,0,1,1,0,2087,1,0,146
28,7,2,1,0,-260,1,0,170
44,1,1,1,0,236,1,0,596
48,1,1,1,0,684,1,1,139
30,1,1,1,0,458,1,0,177
32,10,1,0,0,324,1,0,577
41,1,1,0,0,1052,1,1,335
30,4,0,1,0,37,0,0,262
37,1,1,1,0,454,1,0,115
30,1,2,1,0,573,1,0,116
28,9,2,1,0,34,1,0,136
33,9,2,1,0,341,0,1,289
41,1,1,3,0,31,0,0,529
42,4,1,1,0,-189,1,0,247
50,0,2,1,0,424,1,0,72
23,8,2,2,0,250,1,0,166
38,7,1,1,0,3165,1,0,152
31,1,0,1,0,387,1,0,220
35,0,2,1,0,855,1,0,241
52,0,0,1,0,944,1,0,198
36,1,1,1,0,134,0,0,98
28,1,2,1,0,2845,1,0,182
27,4,2,2,0,2420,1,0,391
24,8,2,2,0,1535,1,0,126
45,4,2,2,0,0,0,0,55
39,9,1,1,0,504,1,0,495
38,1,2,1,0,-329,1,0,86
24,1,1,1,0,94,1,0,166
35,4,0,2,0,538,1,0,66
32,0,0,1,1,-18,1,0,155
48,3,0,0,0,26,1,0,311
36,2,1,0,0,177,1,0,63
46,1,1,0,0,633,1,0,236
28,9,2,1,0,205,1,0,92
50,0,1,1,0,1114,1,1,298
44,1,1,1,0,78,1,0,253
38,4,1,2,0,762,1,0,163
33,6,1,0,0,1862,1,0,65
57,4,2,2,0,73,0,0,41
40,9,1,1,0,2576,1,1,10
42,4,1,0,0,470,1,0,221
32,7,1,1,0,206,1,1,370
55,1,1,0,0,0,1,1,467
25,1,1,1,0,-76,1,0,241
42,4,0,2,0,1750,1,0,248
23,0,2,1,0,1104,1,0,120
31,1,1,1,0,286,1,1,260
21,8,2,3,0,137,1,0,198
34,0,1,1,0,247,1,1,1727
46,2,1,2,0,-43,0,0,138
55,1,1,0,0,309,1,0,115
33,2,2,1,0,339,1,0,212
47,6,0,1,0,218,1,0,58
33,4,2,2,0,4128,1,0,456
40,4,2,2,0,867,1,1,145
32,4,2,2,0,1345,1,0,289
48,9,0,1,0,40,0,0,300
32,0,2,1,0,1466,1,0,264
26,1,2,1,0,96,1,0,181
38,1,1,1,0,332,1,0,184
46,7,1,1,0,1474,1,0,148
49,1,1,1,0,783,1,0,166
33,4,2,2,0,239,0,0,65
45,1,1,1,0,27,1,0,299
32,4,1,2,0,-24,1,0,93
39,1,1,1,0,23,1,0,22
53,1,1,0,0,6386,1,0,170
28,10,2,1,1,-353,1,0,89
31,0,1,1,0,-474,1,0,215
34,2,2,2,0,714,1,0,166
40,1,1,0,0,570,1,0,109
29,1,2,1,0,16,0,0,197
34,0,2,1,0,1504,1,0,395
38,4,1,2,0,551,1,0,1875
31,7,1,1,0,-759,1,0,220
32,9,0,1,0,1097,1,0,298
31,7,1,1,0,520,1,0,123
53,1,2,3,0,0,0,0,140
38,1,2,3,0,573,1,0,334
57,1,1,0,1,0,1,0,73
58,2,1,2,0,146,1,0,186
50,1,1,0,0,-37,1,0,78
36,1,2,1,0,90,1,0,13
46,1,1,0,0,0,1,0,51
39,0,2,1,0,1242,1,0,303
31,0,2,1,0,98,1,1,159
44,4,2,2,0,295,1,0,103
53,0,1,1,0,465,0,1,95
35,9,1,2,0,1473,1,0,84
40,1,1,1,0,3122,1,0,344
30,9,2,1,0,317,1,0,246
33,1,0,1,0,176,1,0,157
39,1,1,1,0,661,1,0,162
25,0,2,1,0,1,1,1,24
35,1,1,0,0,-12,1,0,212
43,1,1,0,0,1401,1,0,195
41,2,1,2,0,171,1,0,143
55,1,1,0,0,431,1,0,68
49,9,0,1,0,265,1,0,274
30,6,1,2,0,227,1,1,227
37,1,2,1,0,336,1,0,152
46,10,0,1,0,41,1,0,249
36,1,1,1,0,1554,1,0,325
45,7,2,1,0,141,1,0,111
48,1,1,0,0,762,1,0,81
22,3,2,1,0,650,1,0,181
46,0,1,1,0,250,0,0,85
39,1,1,1,0,130,1,0,141
56,0,1,1,0,11,0,0,42
35,4,0,2,0,36,1,0,182
45,1,1,0,0,333,1,0,160
28,9,1,1,0,487,1,0,176
32,0,2,2,0,594,1,0,134
52,7,1,2,0,1135,1,1,514
26,0,0,1,1,-3,1,0,181
22,1,2,0,0,-168,1,0,160
35,1,1,0,0,414,0,0,504
44,9,2,2,0,166,1,0,267
31,1,1,1,0,472,1,0,907
28,1,1,1,0,-95,1,0,200
23,9,2,1,0,158,1,0,139
26,9,2,1,0,8,0,0,147
31,0,2,1,0,296,1,0,161
27,0,2,1,0,-541,1,1,153
34,7,2,1,0,23,0,0,109
25,1,2,0,0,17,1,0,97
25,1,2,1,0,335,1,0,164
22,7,2,1,0,395,1,0,70
37,1,0,1,0,178,1,0,71
26,2,2,1,0,101,1,0,723
32,1,1,1,0,-428,1,0,518
26,9,2,1,0,24299,1,0,704
27,1,2,1,0,181,0,0,147
22,7,1,1,0,83,1,0,101
32,9,1,1,0,175,1,0,142
33,4,0,1,0,5,1,0,1346
34,0,1,1,0,3185,1,0,520
31,1,1,1,0,2577,1,0,611
28,9,2,1,0,216,1,0,66
37,1,1,1,0,166,1,0,135
45,1,1,0,0,323,1,0,276
31,4,1,2,0,334,1,0,449
48,2,1,1,0,86,1,0,98
24,0,2,1,0,845,1,0,105
24,9,2,1,0,-126,1,1,382
45,7,1,1,0,-3,1,0,213
26,7,1,1,0,54,1,0,116
24,9,2,1,0,-192,1,0,125
29,1,1,1,0,125,1,0,50
34,1,2,0,0,2146,1,0,138
30,9,2,2,0,-522,1,0,375
21,8,2,1,0,99,1,0,49
42,1,1,1,0,-1664,1,0,169
32,10,1,1,1,2,1,0,178
40,7,1,1,0,2172,1,1,1386
33,4,2,2,0,168,1,0,155
32,9,1,0,0,62,1,1,120
25,0,2,1,0,768,1,0,203
41,1,1,1,0,429,1,0,244
37,0,1,1,0,36,1,0,428
29,1,1,0,0,0,1,0,53
29,9,2,1,0,544,1,0,360
46,7,0,0,0,91,1,0,215
32,4,2,2,1,-3,1,0,500
30,0,2,1,0,1374,1,0,207
38,4,1,2,0,119,1,0,568
22,7,2,1,0,279,1,0,270
22,4,2,1,0,594,1,0,154
32,7,2,1,0,-121,1,1,272
36,1,1,1,0,-195,1,0,229
30,9,2,1,0,-208,1,1,108
26,1,2,1,0,309,1,0,210
41,1,0,0,1,210,1,0,383
42,10,1,1,0,135,1,0,259
45,1,1,1,0,66,1,0,3366
24,7,2,1,1,-122,1,0,1000
54,5,0,2,0,0,0,0,618
33,1,2,3,0,-90,1,0,415
28,1,1,0,0,286,1,0,237
36,0,1,1,0,-423,1,1,106
34,1,2,0,0,505,1,0,351
28,0,2,1,0,296,1,0,218
31,9,2,2,0,279,1,0,198
53,7,1,1,0,367,1,1,284
20,1,2,1,0,129,1,1,190
47,5,1,0,1,-13,0,0,295
33,1,1,0,0,1309,1,0,262
24,1,2,1,0,-10,1,0,106
23,0,2,1,0,5,1,0,93
27,1,2,1,0,71,1,0,174
23,0,2,1,0,281,1,0,124
30,1,1,1,0,173,1,0,217
34,1,0,1,0,383,1,0,2231
55,1,0,0,0,39,1,0,343
57,4,1,0,0,1052,1,0,227
59,5,0,3,0,-49,1,0,248
20,7,2,1,0,-103,1,0,180
30,7,1,1,1,-846,1,0,117
41,0,1,1,0,705,1,0,205
37,7,2,1,0,1950,1,0,370
31,0,0,1,0,253,1,0,289
39,4,2,2,0,595,1,0,427
28,1,1,1,0,-185,1,1,170
44,1,1,0,0,353,1,0,705
31,9,1,1,0,2363,1,0,247
28,1,1,3,0,52,1,0,226
51,9,1,3,0,205,1,1,665
34,4,1,2,0,1557,1,1,213
24,9,2,2,0,596,1,0,451
29,6,2,2,0,-114,1,0,174
50,4,1,0,0,478,0,0,126
21,1,2,1,0,614,1,0,243
29,1,2,1,0,783,1,0,166
26,1,2,1,0,401,1,0,373
26,0,2,1,0,92,1,0,259
21,1,2,1,0,-273,1,1,340
23,1,2,0,0,2594,1,0,193
25,7,2,1,0,382,1,0,392
40,1,1,0,0,-166,1,0,136
39,0,0,1,0,-141,1,0,148
25,1,2,1,0,-250,1,0,456
26,9,1,2,0,3825,1,0,107
57,9,1,1,0,0,0,0,44
61,5,1,0,0,1060,1,0,118
34,1,1,1,0,-185,1,1,276
47,10,1,1,0,955,1,0,47
31,6,1,1,0,263,1,0,150
45,1,1,1,0,4646,1,0,118
33,9,2,2,0,989,1,1,232
27,9,1,1,0,232,1,1,1167
41,10,1,0,0,1483,1,0,227
58,9,1,1,0,7495,1,0,325
45,4,1,2,0,0,1,1,147
49,6,1,2,0,2199,1,0,98
42,1,1,1,0,476,1,0,93
52,1,1,1,0,148,1,0,83
52,7,1,1,0,3241,1,0,105
49,5,1,0,0,2665,1,0,67
59,5,1,1,0,1875,1,0,77
54,4,1,0,0,879,1,0,191
46,1,1,1,0,1934,1,0,20
44,4,1,2,0,0,0,0,27
26,7,1,1,0,380,1,0,260
46,1,1,1,0,2485,1,0,174
59,5,1,0,0,5521,1,1,94
43,1,1,3,0,24,1,0,23
50,1,1,1,0,160,1,0,334
26,1,2,1,0,-204,1,0,609
54,1,1,3,0,363,1,0,202
44,9,0,1,0,181,0,0,302
36,0,0,1,0,307,1,0,121
51,7,1,3,0,193,1,0,202
59,5,1,1,0,3382,1,0,806
42,4,1,2,0,1823,1,0,31
41,7,1,1,0,-111,1,0,21
43,1,1,3,0,3373,1,0,156
40,6,1,0,0,92,1,0,92
32,9,1,2,0,463,1,0,128
55,9,1,3,0,1192,1,0,481
59,5,1,1,0,2376,0,0,766
30,1,1,1,0,-166,1,1,255
47,0,1,1,0,3960,1,0,110
23,2,2,0,0,4,1,0,395
44,1,1,0,0,23,1,0,135
45,9,1,1,0,639,1,0,192
35,9,2,1,0,2144,1,0,188
41,9,0,1,0,225,1,1,139
59,4,0,0,0,13308,1,0,131
29,7,2,0,0,95,1,0,266
48,7,1,1,0,1199,1,0,76
49,4,1,2,0,400,1,0,122
60,1,1,0,0,1262,1,1,1015
45,4,1,2,0,849,0,0,60
48,4,1,2,0,1949,1,0,683
45,2,0,2,0,-395,1,0,470
48,4,1,2,0,618,0,0,149
54,5,1,0,0,0,1,0,106
44,9,1,2,0,0,1,1,127
46,1,2,0,0,355,1,0,320
52,0,0,1,0,131,1,1,145
44,4,1,2,0,6203,1,1,129
52,7,0,1,0,1635,1,0,730
46,2,2,2,0,580,1,0,36
54,0,0,1,0,1814,0,0,521
49,2,0,1,0,159,1,0,95
46,4,1,2,0,48,0,0,120
48,7,0,0,0,189,1,0,768
43,1,1,3,0,-633,1,1,277
50,1,1,0,0,5356,0,0,289
44,1,1,1,0,476,1,0,473
43,10,0,1,0,4478,1,0,133
51,0,2,1,0,3132,0,0,459
59,5,1,2,0,-892,1,0,129
52,9,1,1,0,11,1,0,420
35,0,2,1,0,414,1,0,386
36,1,1,1,0,1165,1,0,1001
32,7,1,1,0,3839,1,0,76
41,1,1,1,0,196,1,0,488
47,1,1,0,0,521,1,0,262
45,7,1,1,0,350,1,1,146
45,1,1,1,0,8680,1,0,503
45,2,0,2,0,0,1,0,170
29,9,2,1,0,309,1,0,214
36,4,1,2,0,125,1,0,355
37,1,0,1,0,368,1,0,194
44,0,1,1,0,1362,1,0,46
56,5,1,1,0,296,1,0,128
52,4,1,3,0,2240,1,0,845
57,4,1,1,0,1026,1,0,52
54,7,1,1,0,1301,1,0,173
49,2,1,0,0,199,0,0,113
24,1,2,3,0,11,1,0,109
42,6,1,2,0,5,1,0,853
40,4,1,2,0,373,1,1,518
25,4,2,2,0,1270,1,0,124
28,1,2,1,0,416,1,0,452
53,5,1,1,0,-27,0,0,209
40,0,0,1,0,221,1,0,154
27,7,2,1,0,331,1,0,203
34,4,1,2,0,402,1,0,813
56,6,1,1,0,123,0,0,81
45,1,1,1,0,105,1,1,119
27,1,1,1,0,0,1,0,296
53,5,1,2,0,1691,0,0,916
34,9,2,2,0,2,1,0,60
44,0,2,3,0,3,1,0,443
46,1,1,0,0,399,1,0,353
53,5,2,1,0,1421,1,0,225
26,9,1,2,0,8,1,1,262
31,0,2,1,0,150,1,1,431
35,7,1,1,0,-371,1,0,358
43,9,1,1,0,1916,1,0,565
47,1,1,0,0,300,1,0,103
37,2,0,1,0,175,1,1,753
57,5,1,2,0,3571,0,0,708
41,1,1,0,0,1135,1,0,265
55,0,0,3,0,789,1,0,434
51,0,0,1,0,2195,1,0,59
27,1,2,1,0,1311,1,0,805
53,4,1,1,1,-689,1,0,242
39,0,2,1,0,14,1,1,19
35,0,1,1,0,56,1,0,93
28,9,2,1,0,26765,0,0,210
29,1,0,3,0,17,1,0,31
51,9,1,1,0,463,1,0,213
46,0,2,1,0,751,1,0,104
50,10,1,1,0,3478,1,0,342
56,2,1,3,0,88,1,0,172
28,1,1,1,0,64,1,0,160
51,4,1,2,0,36,1,0,535
54,3,1,1,0,42,1,0,514
47,1,1,0,0,113,1,0,276
49,6,1,1,0,358,1,1,176
46,1,0,0,0,274,1,0,20
41,4,1,2,0,0,1,0,161
45,0,1,1,0,985,1,0,390
31,1,1,0,0,81,1,0,245
53,0,0,1,0,592,1,0,151
60,0,0,3,0,791,1,0,144
55,5,1,1,0,708,1,0,901
54,9,0,1,0,51,1,0,123
46,1,1,0,0,0,1,0,204
41,9,2,3,0,356,1,0,93
34,0,1,1,0,34,1,0,188
51,9,1,1,0,12061,1,0,332
31,0,2,1,0,513,1,0,180
55,9,1,1,0,6958,1,1,178
44,4,1,2,0,126,1,0,92
25,7,2,1,0,54,1,0,318
36,1,1,1,0,373,1,0,94
33,1,1,1,0,304,1,0,139
46,1,1,1,0,781,0,0,152
43,1,0,0,0,42,0,0,188
46,4,1,2,0,618,1,0,54
53,1,1,1,0,1570,1,0,29
52,9,0,1,0,1161,1,0,271
57,4,0,3,0,0,0,0,95
31,1,2,1,0,-745,1,0,227
54,7,1,1,0,88,1,0,190
37,4,1,2,0,1330,1,0,60
41,1,1,1,0,641,1,0,161
44,0,1,1,0,1423,1,0,162
26,7,2,1,0,8206,1,0,213
40,1,1,0,0,4436,1,0,67
32,0,0,1,0,1611,1,1,93
44,9,2,2,0,607,1,0,119
44,1,1,0,0,300,1,0,297
35,9,1,1,0,304,1,0,3
49,7,1,1,0,254,1,0,179
44,9,1,1,0,3790,1,0,342
40,1,1,1,0,59,1,0,420
39,1,1,1,0,1554,1,0,378
51,1,0,2,0,257,1,0,190
59,5,0,0,0,643,1,0,354
42,0,1,1,0,128,1,0,190
47,7,0,1,0,743,1,1,367
57,1,1,0,0,1460,0,0,91
42,4,1,1,0,-32,1,0,77
40,7,1,0,0,1117,1,0,280
44,9,1,0,0,2887,1,0,182
38,0,2,3,0,446,1,0,386
51,4,1,2,0,1212,1,0,184
48,4,1,2,0,2218,1,0,43
48,1,1,1,0,705,0,0,108
42,1,0,0,0,299,1,0,253
48,2,1,2,0,313,1,0,195
49,4,1,2,0,12482,1,1,46
44,7,1,1,0,29312,0,0,226
44,7,1,0,0,2226,1,1,55
32,1,2,1,0,1940,1,1,299
43,1,1,1,0,576,1,1,148
44,7,0,1,0,0,1,1,97
53,0,0,1,0,887,1,0,169
43,1,1,0,0,17,1,0,119
31,9,1,1,0,106,1,0,101
48,4,1,2,0,489,1,0,60
46,9,2,1,0,148,1,0,210
41,1,0,1,0,14,1,1,65
26,4,1,2,0,1531,1,0,129
26,1,1,1,0,3108,1,0,481
52,0,0,1,0,26,1,0,215
47,1,1,0,0,2466,1,0,142
47,1,1,3,0,1045,1,0,411
27,1,1,0,1,-588,0,0,531
31,7,1,1,0,413,1,0,65
60,5,1,2,0,0,1,0,34
58,5,1,0,0,193,1,1,788
44,1,1,1,0,1340,1,0,244
32,1,1,1,0,363,1,0,431
33,1,1,0,0,-306,1,1,851
38,0,1,1,0,607,1,0,315
35,9,0,1,0,556,1,0,214
47,9,1,1,0,449,1,1,92
32,1,2,1,0,338,1,0,73
41,4,1,0,0,-4,1,1,181
30,4,2,2,0,623,1,0,159
60,5,1,1,0,1390,0,1,58
36,1,0,1,0,719,1,0,1052
46,1,1,0,0,369,1,0,916
58,1,1,0,0,1357,1,0,150
52,2,1,3,0,0,1,0,165
55,4,1,1,0,0,1,0,309
43,1,1,0,0,2047,1,0,163
24,0,2,1,0,507,1,0,210
24,1,1,0,0,-427,1,0,165
25,1,1,1,0,53,1,0,331
40,9,1,1,0,93,1,0,134
31,1,1,1,0,822,1,0,185
31,9,2,1,0,849,1,1,295
26,1,2,1,0,-214,1,0,86
52,1,1,1,0,161,1,0,274
25,9,2,2,0,800,1,0,151
40,1,1,1,0,598,1,0,69
42,1,0,1,0,-135,1,0,15
31,9,1,2,0,0,1,1,164
43,2,1,1,0,59,0,0,437
57,1,1,0,0,452,1,0,139
30,3,2,1,0,49,1,0,267
23,1,1,0,0,-213,0,0,165
53,1,0,0,0,2477,1,0,175
44,6,1,1,0,264,1,0,198
48,9,1,1,0,4265,1,0,220
59,5,0,2,0,559,1,0,168
33,4,1,1,0,-15,1,0,247
60,5,1,1,0,926,1,0,291
42,7,1,1,0,693,1,0,187
44,4,2,2,0,9956,1,0,194
50,4,2,2,0,1300,1,0,379
54,5,1,1,0,2626,0,0,151
29,0,2,1,0,-44,1,0,166
59,6,1,2,0,593,0,0,64
37,9,1,1,0,511,1,0,232
55,5,1,1,0,493,1,0,647
53,5,0,2,0,599,1,0,322
31,7,1,1,0,272,1,0,133
49,4,1,2,0,735,1,0,50
28,1,1,0,0,15,1,0,87
47,1,1,0,0,159,1,0,771
31,1,1,0,0,651,1,0,241
49,3,0,0,0,198,1,0,205
59,1,1,3,0,-278,1,0,318
34,1,1,1,0,-100,1,0,109
43,0,1,0,0,15,1,0,304
38,1,1,0,0,0,0,0,209
41,7,1,1,0,108,1,1,83
44,1,1,0,0,617,1,0,227
31,7,2,1,0,516,1,0,271
35,1,1,0,0,11,1,0,326
37,0,1,1,0,1026,1,0,389
58,0,1,1,0,3635,0,0,273
24,1,1,1,0,32,0,0,264
35,1,2,0,0,-123,1,0,1106
33,1,0,1,0,-238,1,0,73
40,2,1,2,0,1089,1,1,195
46,0,0,2,0,3749,1,0,69
41,1,1,0,0,3140,1,0,87
33,1,1,2,0,221,1,0,122
35,1,0,0,0,300,1,0,945
57,5,0,0,0,515,1,0,288
40,9,1,0,0,819,1,0,50
36,1,1,1,0,722,1,0,816
47,4,0,1,0,3346,1,1,284
50,1,1,0,0,419,1,0,116
51,9,1,1,0,330,1,0,72
41,4,0,2,0,1576,1,0,232
38,4,1,2,0,258,1,0,124
39,1,1,0,0,317,1,0,326
25,7,2,1,1,57,1,1,190
43,9,1,1,0,3285,1,0,1721
33,1,1,1,0,152,1,0,351
45,1,1,1,0,2429,1,0,171
58,11,0,1,0,3111,1,0,166
57,1,1,0,0,1352,1,0,104
27,10,2,2,0,37,1,0,163
25,9,2,2,0,640,1,0,492
38,1,1,3,0,113,0,0,25
28,9,2,1,0,468,1,0,152
33,7,1,1,0,184,1,0,109
44,1,2,1,0,633,1,0,1032
57,0,1,1,0,7,1,0,65
46,1,2,1,0,57,1,0,194
57,9,0,1,0,0,1,0,360
42,1,0,0,0,419,1,1,96
46,0,1,1,0,120,1,0,20
39,2,1,1,0,580,1,0,323
27,1,1,1,0,362,1,0,332
42,4,1,1,0,43,1,0,735
58,0,1,1,0,749,1,0,151
42,0,2,1,0,243,1,0,46
48,1,1,0,0,9004,0,0,158
57,7,2,1,0,2236,1,0,73
52,0,2,1,0,3348,1,0,407
54,1,0,0,0,2062,1,0,438
55,5,1,1,0,188,0,0,139
46,1,1,0,0,1483,1,0,174
48,2,1,3,0,2550,1,0,175
25,0,2,1,1,53,1,0,313
38,4,0,2,0,547,1,0,137
46,5,1,0,0,1374,0,1,22
48,9,1,3,0,67,1,0,328
43,1,1,0,0,4998,1,0,93
52,9,1,1,0,0,0,0,97
27,1,2,1,1,-2,1,1,123
29,1,1,1,0,23,1,0,219
49,0,1,1,0,512,1,1,455
30,1,2,1,1,447,0,0,103
50,0,1,1,0,1917,1,0,200
58,1,1,3,0,4871,1,0,133
44,1,1,1,0,326,1,0,35
52,9,1,1,0,0,1,1,77
44,2,1,1,0,0,0,0,211
27,1,2,1,0,14,0,0,72
35,9,1,1,0,692,1,1,133
31,1,1,1,0,369,1,1,89
31,1,1,0,0,591,1,0,287
52,3,1,1,0,3923,1,0,942
44,1,1,1,0,0,1,0,101
28,1,2,0,0,348,1,1,305
41,9,1,1,0,102,1,1,387
54,9,0,1,0,447,1,0,146
46,1,1,1,0,2121,1,0,160
48,1,1,0,0,5154,1,0,70
31,0,1,1,0,393,1,0,466
42,7,1,0,0,5879,1,0,162
40,1,1,1,0,-31,1,0,117
56,6,1,2,0,871,1,0,381
45,4,1,2,0,37378,1,0,167
53,9,0,0,0,1443,1,0,476
31,0,1,1,0,752,1,0,178
42,4,1,2,0,1093,1,0,260
51,9,1,3,0,573,1,1,231
52,4,1,2,0,258,0,0,188
48,4,1,0,0,247,1,1,145
28,4,2,2,0,202,1,0,163
34,9,2,1,0,302,1,0,282
50,0,1,1,0,736,1,0,74
46,1,1,0,0,0,1,0,73
54,1,1,1,0,532,1,0,220
43,9,0,1,0,0,0,0,333
55,1,0,1,0,7378,0,0,316
47,1,1,0,0,4666,0,0,451
43,2,1,1,0,1516,1,0,318
45,9,1,1,0,0,1,1,246
46,1,1,1,0,6085,1,1,311
39,9,1,1,1,-183,1,0,202
26,8,2,1,0,91,1,0,174
40,1,1,1,0,30,1,0,168
48,1,0,0,0,24,1,0,832
53,9,0,1,0,522,1,0,230
40,9,1,1,0,770,1,0,200
54,1,1,1,0,1288,1,0,170
46,9,1,1,0,1029,1,0,142
47,9,0,1,0,4135,1,0,283
50,1,0,1,0,204,1,1,421
59,5,0,0,0,1534,1,0,278
44,7,2,1,0,0,1,0,179
42,4,1,2,0,877,1,0,238
52,4,1,1,0,478,1,0,110
30,4,2,2,0,1130,1,0,138
46,1,2,1,0,2401,1,0,218
45,4,1,2,0,740,1,0,158
29,0,2,1,0,993,0,0,105
53,1,1,0,0,896,1,0,106
55,0,1,1,0,332,1,0,217
45,4,2,2,0,1088,0,0,132
35,9,1,1,0,51,1,0,824
52,1,2,1,0,1541,1,0,243
40,4,1,2,0,413,1,0,150
42,0,1,1,0,2656,1,0,238
41,1,2,0,0,1618,1,0,1553
42,0,0,1,0,146,1,0,148
40,0,1,1,0,153,1,0,159
41,7,1,1,0,4505,1,0,108
57,4,1,2,0,0,1,0,124
45,0,1,1,0,520,1,0,452
47,4,1,0,0,4151,1,0,114
40,10,1,1,0,3382,1,0,125
33,9,2,1,0,261,1,0,622
49,2,1,1,0,1160,1,0,153
39,4,0,2,0,517,1,1,1328
50,7,1,1,0,2956,1,0,686
60,5,0,0,0,1327,1,1,80
53,9,1,1,0,8417,1,0,435
58,5,1,1,0,-172,1,0,300
52,7,1,1,0,2257,1,0,203
42,0,2,1,0,277,1,0,121
42,1,1,1,0,902,1,0,71
43,9,1,1,0,212,1,0,78
51,0,1,1,0,513,1,0,534
53,11,0,2,0,2272,1,0,243
53,9,1,1,0,719,1,0,230
42,4,1,2,0,1,0,0,253
40,9,1,1,0,503,1,0,127
59,5,1,1,0,1521,1,1,1125
59,5,1,1,0,2516,1,1,282
48,3,1,2,0,468,1,0,220
25,11,2,3,0,329,1,0,158
59,1,1,0,0,259,1,1,267
49,10,1,1,0,769,1,0,257
42,4,1,2,0,-700,1,0,110
37,1,1,1,0,15801,1,0,456
40,1,1,0,0,7831,1,0,78
31,4,1,2,0,0,0,0,298
41,1,1,1,0,-68,1,0,429
60,9,1,1,0,2639,1,0,483
42,0,0,1,0,1076,1,0,213
48,1,1,0,0,584,1,0,51
43,1,1,1,0,2706,1,1,44
47,1,1,0,0,1294,1,0,164
40,6,1,0,0,771,1,0,166
55,10,0,1,0,283,1,1,220
51,4,0,2,0,482,1,0,178
54,4,1,2,0,11,0,0,452
41,1,1,1,0,2823,1,0,858
41,1,1,1,0,338,1,0,87
53,1,1,1,0,5700,1,0,97
46,0,1,1,0,3028,1,1,116
45,2,1,0,0,2418,1,0,120
48,1,1,1,0,1405,1,0,629
44,7,2,1,0,0,1,0,198
47,1,1,1,0,2775,0,0,262
49,1,1,1,0,611,1,1,179
41,1,1,0,0,1654,1,0,35
54,1,1,0,0,1691,1,0,156
48,9,1,1,0,427,0,0,201
30,1,1,1,0,938,1,0,159
45,1,1,0,0,626,1,0,68
40,1,1,3,0,874,0,0,75
42,1,2,1,0,24,0,0,229
48,9,1,1,0,7373,1,0,126
40,0,1,1,0,1535,1,0,704
47,1,1,0,0,2,1,1,164
47,0,1,1,0,829,1,1,339
33,1,2,1,0,164,1,0,461
54,1,1,1,0,1765,1,0,188
46,1,1,1,0,1733,1,0,546
53,5,1,0,0,383,1,0,171
25,9,2,2,0,777,1,0,351
50,4,1,1,0,0,1,0,94
40,1,1,1,0,1522,1,1,168
53,4,1,2,0,4446,1,0,429
41,1,1,1,0,923,1,0,249
41,0,1,1,0,1309,1,0,568
42,4,1,2,0,1340,1,0,299
47,4,1,2,0,3158,1,0,282
48,1,1,1,0,1596,1,0,760
43,1,1,0,0,887,1,0,211
55,4,1,2,0,23189,1,0,77
40,0,1,1,0,1010,1,0,283
45,1,1,0,0,246,1,0,263
54,5,1,1,0,918,1,0,189
46,1,1,0,0,1429,1,0,91
57,5,0,0,0,2439,1,0,32
49,2,1,1,0,348,1,0,139
49,0,1,1,0,387,1,0,347
41,1,2,0,0,22,1,0,152
42,6,1,0,0,3641,1,0,869
42,4,2,1,0,2535,1,0,339
49,9,1,0,0,1878,1,0,267
42,1,1,1,0,3,1,0,34
34,10,2,1,0,9,1,0,153
47,1,1,0,0,502,1,0,28
41,0,1,1,0,3634,1,0,216
45,9,1,1,0,3395,1,0,215
33,0,2,1,0,673,1,0,199
53,1,1,0,0,600,1,0,139
43,10,2,0,0,698,1,0,322
40,1,0,1,0,2540,1,0,189
34,1,1,0,0,357,1,0,197
40,9,1,1,0,782,1,0,224
41,1,1,0,0,2097,1,0,160
44,1,2,3,0,-101,1,0,143
57,0,0,0,0,628,1,1,191
42,9,1,1,0,0,1,0,833
57,7,1,1,0,6874,1,0,356
43,1,0,1,0,16,1,0,485
45,1,1,0,0,1691,1,0,57
60,5,1,0,0,1542,1,0,930
41,1,1,3,0,1057,1,0,247
49,1,1,0,0,11317,1,0,208
42,0,1,1,1,-1300,0,0,89
41,7,1,0,0,299,1,0,72
33,9,2,1,0,189,1,0,260
56,1,1,1,0,1412,1,0,129
49,1,1,0,0,0,1,0,151
41,1,1,1,0,235,1,0,181
48,4,1,2,0,20718,1,0,125
41,9,1,1,0,1043,1,1,225
41,7,1,1,0,890,1,0,829
30,9,2,1,0,768,0,1,749
52,2,1,2,0,618,1,1,166
40,1,1,1,0,1313,0,0,87
60,5,1,1,0,3932,1,0,407
28,4,2,2,0,334,1,0,438
44,6,0,1,0,80,1,1,387
44,9,2,1,0,-27,1,1,100
32,1,2,1,0,2285,1,0,413
53,4,1,2,0,193,0,0,521
41,7,0,1,1,-198,0,1,133
57,5,1,2,0,1180,1,1,191
42,1,1,0,0,505,1,0,521
31,4,1,1,0,6943,1,0,109
46,1,1,1,0,243,1,1,345
40,9,2,3,0,3652,1,0,1028
46,9,0,1,0,3455,1,0,566
55,6,2,1,0,2607,1,0,38
52,1,2,0,0,2024,1,0,314
50,4,1,1,0,0,1,0,214
57,5,1,1,0,-222,0,0,248
28,1,1,1,0,1238,1,0,246
46,1,1,1,0,33,1,0,136
40,0,0,1,0,1000,1,0,98
56,1,1,1,0,881,1,0,225
48,7,0,1,0,403,1,0,364
36,4,2,2,0,-38,1,0,784
37,9,1,2,1,0,1,0,93
41,2,1,2,0,221,1,0,57
43,1,1,1,0,1109,1,0,160
40,2,1,1,0,1416,1,0,210
40,2,1,1,0,264,1,0,222
45,1,1,1,0,141,1,1,21
44,1,1,1,0,1944,1,0,222
53,2,1,0,0,694,1,0,157
31,4,1,2,0,303,1,0,143
50,1,1,1,0,2087,1,0,371
53,4,1,2,0,369,1,1,161
56,1,0,1,0,166,1,0,350
45,9,1,0,0,718,1,0,135
47,6,1,2,0,4543,1,0,162
33,0,2,1,0,1613,1,0,565
57,9,1,2,0,-1,0,0,850
45,2,2,2,0,1410,1,0,44
34,1,1,1,0,577,0,0,337
49,2,1,0,0,-63,1,0,416
49,7,1,1,0,892,0,0,102
37,0,0,1,0,-113,1,0,5
57,9,1,1,0,3240,1,0,129
40,1,1,0,0,3658,1,0,977
57,5,1,1,0,3545,1,0,138
45,10,1,0,0,1292,1,0,70
61,5,1,1,0,4248,1,0,71
54,4,0,1,0,155,1,0,75
46,1,1,0,0,501,1,0,230
51,0,1,0,0,658,1,0,369
42,1,1,1,0,3743,1,0,136
42,1,1,0,0,329,1,0,22
60,4,1,0,0,703,1,0,378
41,1,1,0,0,7735,1,0,240
41,7,1,0,0,455,1,0,80
55,1,1,1,0,831,1,0,144
46,7,1,1,0,1757,1,0,380
54,1,1,1,0,1480,1,0,108
51,1,1,1,0,7180,1,0,927
47,7,0,1,0,4906,1,0,389
35,4,2,2,0,592,0,1,192
30,1,1,1,0,128,1,0,273
32,4,2,1,0,160,1,0,48
35,1,1,0,0,441,1,0,8
48,1,2,1,0,8982,1,0,628
36,7,1,1,0,338,0,0,90
53,7,1,1,0,10749,1,0,221
48,9,1,1,0,638,1,0,217
42,7,1,1,0,737,1,0,762
38,7,2,1,0,7695,1,0,193
32,0,2,1,0,91,1,0,302
51,10,1,1,0,760,1,0,411
34,1,1,1,0,683,1,0,245
43,1,1,1,0,1311,1,0,746
50,1,1,1,0,606,1,0,673
44,1,1,0,0,0,1,0,220
25,7,2,1,0,192,1,0,232
60,1,1,1,0,751,1,0,115
32,9,2,3,0,10600,0,0,485
44,0,1,1,0,447,1,1,106
26,8,2,1,0,3096,1,0,107
36,0,1,1,0,998,1,0,1044
29,2,2,2,0,303,1,0,180
29,4,2,2,0,1952,1,0,354
42,1,1,1,0,171,1,0,55
32,1,2,1,0,116,0,0,392
37,0,1,1,0,766,1,0,123
50,0,0,1,1,-500,1,0,148
44,1,1,1,0,2017,1,0,74
43,9,1,1,0,672,1,0,267
41,7,1,0,0,450,1,0,374
45,0,1,1,0,-31,1,0,295
41,0,1,2,0,5426,1,0,149
57,9,1,1,0,629,1,0,226
34,6,2,2,0,2800,1,0,668
47,7,1,1,0,1549,1,0,95
49,9,1,1,0,6050,1,0,229
58,1,1,0,0,1406,1,0,252
51,10,1,1,0,425,1,0,286
30,4,1,2,0,-328,1,0,242
47,7,0,1,0,430,1,1,335
29,9,2,1,0,6911,0,0,323
51,1,1,0,0,111,1,0,140
49,3,2,0,0,1158,1,0,159
43,7,1,1,0,823,1,0,293
41,1,1,0,0,410,1,0,85
29,0,2,1,0,1028,1,0,343
42,1,1,0,0,1288,1,0,295
34,1,2,1,1,-115,1,0,360
44,4,1,2,0,474,1,1,183
44,7,0,1,0,2416,1,0,304
30,4,1,2,0,233,1,0,382
26,1,2,1,0,277,0,0,514
28,9,2,1,0,280,1,0,142
42,9,1,2,0,2106,1,1,162
40,3,0,0,0,2610,1,0,301
49,5,1,1,0,329,1,0,264
42,0,0,1,0,1811,1,0,150
29,0,1,1,0,387,1,1,49
47,1,1,0,0,6439,1,0,326
42,4,1,3,0,1333,1,0,468
45,7,0,1,0,864,1,0,183
29,0,2,1,0,900,1,0,339
41,9,1,2,0,744,1,0,125
40,1,2,3,0,4370,1,0,232
48,0,1,1,0,6532,1,0,312
41,1,1,0,0,348,1,0,423
60,5,1,1,0,2077,1,0,163
44,4,1,2,0,1945,0,0,191
49,6,2,2,0,21,1,0,248
47,4,0,2,0,4556,1,0,146
48,9,1,1,0,1764,1,0,125
44,0,1,0,0,248,1,0,234
28,1,1,0,0,0,0,0,17
31,7,1,1,0,37,1,0,546
29,1,1,0,0,236,1,0,554
28,8,2,1,0,246,1,0,162
43,7,0,1,0,206,1,0,436
32,7,1,1,0,162,1,0,297
44,9,0,1,0,976,1,0,302
42,9,1,1,0,645,1,1,349
45,1,1,0,0,1794,1,0,174
31,0,2,1,0,358,1,0,180
48,9,2,1,0,9131,1,0,902
45,1,1,0,0,532,1,0,137
27,1,2,1,0,1150,1,0,282
55,1,1,0,0,680,1,0,321
45,2,1,1,0,245,1,0,126
50,10,1,1,0,-13,1,0,554
44,10,1,1,0,728,1,0,21
45,0,1,1,0,137,1,0,427
51,3,1,0,0,289,0,0,97
30,1,2,1,0,609,1,0,402
43,1,1,1,0,15740,1,0,252
41,1,1,0,0,574,1,0,449
30,1,1,0,0,1480,1,0,360
41,1,1,1,0,343,1,0,89
29,1,1,1,0,424,1,1,241
31,0,1,1,0,413,1,0,574
40,9,2,1,0,277,1,0,274
41,1,1,1,0,2157,1,0,154
43,0,0,1,0,738,1,0,71
43,1,1,0,0,-101,1,0,122
50,2,1,2,0,-52,1,0,166
40,10,0,1,0,262,1,0,163
23,1,2,1,0,-95,1,0,167
37,0,1,1,0,66,1,0,91
47,1,1,1,0,3630,1,0,133
29,1,1,1,0,294,1,0,594
46,9,1,1,0,1465,1,0,86
31,0,1,1,0,0,1,0,40
57,9,2,1,0,5961,1,0,166
54,1,1,1,0,1487,1,0,302
44,1,1,0,0,-295,1,0,303
36,1,1,1,0,0,0,0,636
54,1,1,1,0,219,1,0,341
38,9,1,1,0,1442,1,1,483
38,1,1,1,0,360,1,0,220
40,1,1,1,0,339,1,0,234
46,9,1,1,0,1427,1,0,32
41,0,2,1,0,30,1,0,211
33,4,1,2,0,483,1,0,738
36,0,1,1,0,402,1,0,482
59,5,1,1,0,5678,1,0,238
49,1,1,0,0,0,0,0,370
49,1,1,1,0,2631,1,0,76
44,1,1,0,0,112,1,0,225
38,0,1,1,0,664,1,0,256
44,9,1,1,0,2626,1,0,567
43,9,2,1,0,28,1,0,2241
42,1,1,0,0,321,1,0,147
41,0,1,1,0,1794,1,0,135
52,7,1,1,0,989,1,0,260
41,9,2,2,0,6029,1,0,254
29,1,1,1,0,416,1,0,1118
36,1,1,3,0,-389,1,0,76
42,1,1,3,0,1260,1,0,79
34,4,1,2,0,82,0,0,94
35,9,1,1,0,94,1,1,208
41,1,0,1,0,5291,1,0,1423
57,5,1,0,0,3401,1,0,271
46,6,1,1,0,0,1,1,166
58,0,1,1,0,-1196,1,1,256
50,1,1,1,0,810,1,0,19
57,9,0,1,0,3105,1,0,173
47,9,1,1,0,351,1,0,367
46,1,2,1,0,2612,1,0,414
47,1,0,0,0,556,1,0,227
49,1,0,0,0,380,1,0,349
49,1,1,0,0,953,1,0,278
26,1,2,1,0,786,1,1,103
52,4,1,2,0,601,1,0,249
47,4,1,1,0,651,1,0,143
43,9,2,1,0,0,1,0,37
20,8,2,2,0,79,1,0,168
43,7,1,1,0,0,1,0,260
53,0,1,1,0,4464,1,0,162
40,6,1,0,0,422,1,0,187
52,9,1,1,0,598,0,0,266
43,9,0,2,0,123,0,0,279
55,4,1,2,0,0,1,0,159
41,2,1,1,0,718,1,0,318
36,1,1,1,0,-406,1,1,104
57,4,0,1,0,3625,1,0,747
30,0,2,1,1,-35,1,0,1204
41,4,1,2,0,1132,0,0,95
56,7,1,1,0,1121,1,0,176
44,1,1,0,0,3407,1,0,179
45,1,1,1,0,827,1,0,319
43,5,1,0,0,471,0,1,114
50,9,1,2,0,2938,1,0,170
26,1,1,0,0,-219,1,1,311
34,7,2,1,0,719,1,0,362
39,0,1,0,0,-439,1,0,347
32,4,2,2,0,0,1,0,86
46,7,1,1,0,74,1,0,101
58,4,1,2,0,44,1,0,288
54,2,1,1,0,52,1,0,44
40,7,1,1,0,581,1,0,1013
42,4,1,0,0,860,1,0,90
42,10,1,0,0,259,1,0,155
50,1,1,1,0,95,1,0,468
50,4,1,2,0,-516,1,0,226
42,3,2,0,0,5774,1,0,54
41,1,1,1,0,1384,1,0,1162
50,1,1,0,0,5131,1,0,114
42,0,1,1,0,2918,1,0,349
46,0,1,1,0,556,1,1,646
48,0,1,1,0,2235,1,1,755
50,4,1,2,1,-143,1,0,305
52,9,0,0,0,1500,0,0,148
43,0,2,1,0,56831,0,0,243
57,4,1,2,0,2440,1,0,391
49,0,2,1,0,2040,1,0,204
30,4,1,1,0,678,1,0,236
52,9,1,1,0,5006,1,0,112
41,3,1,0,0,3291,1,0,125
47,7,1,1,0,543,1,0,141
46,0,1,1,0,4048,1,0,360
27,7,1,1,0,0,1,0,312
46,7,1,1,0,3269,1,0,366
53,2,1,2,0,420,1,0,100
51,5,1,1,0,0,0,0,70
47,9,1,1,0,201,1,0,254
60,5,1,1,0,2537,1,1,230
47,4,0,2,0,107,0,0,246
48,7,1,1,0,6127,1,0,97
45,1,1,1,0,4509,1,0,135
52,1,0,0,0,-191,1,0,755
53,5,1,2,0,183,1,0,73
54,9,1,2,0,2883,1,1,12
46,0,0,1,0,2515,1,1,65
48,0,0,1,0,1108,1,0,420
43,5,1,1,0,56,1,1,259
42,10,1,2,0,1270,1,0,192
56,5,1,1,0,1894,1,0,189
48,7,0,1,0,0,1,1,263
45,1,1,0,0,2217,1,0,126
51,0,1,0,0,1330,1,0,415
43,6,2,3,0,3173,0,0,746
42,9,2,2,0,2157,1,1,260
44,4,1,2,0,1033,1,0,71
40,7,1,1,0,4157,1,0,735
57,4,1,1,0,3381,1,0,75
42,9,2,1,0,1882,1,0,87
58,7,1,1,0,0,1,0,183
40,7,0,1,0,1927,1,0,62
49,7,0,1,0,3649,1,1,150
46,4,2,1,0,244,1,0,244
54,9,0,1,0,1705,1,0,367
60,2,1,2,0,1164,1,0,325
42,1,1,1,0,9359,1,0,197
43,1,1,0,0,1620,1,0,121
41,6,1,1,0,149,1,0,27
60,5,0,1,0,2479,1,1,157
51,2,1,2,0,6659,1,1,203
48,1,1,1,0,1913,1,0,115
41,1,0,0,0,1563,1,0,112
50,1,2,1,0,708,1,0,104
41,1,1,0,0,1172,1,0,153
60,5,1,1,0,2086,1,0,182
54,1,1,1,0,524,1,0,55
49,2,1,2,0,221,1,0,305
47,4,1,0,0,52,1,1,140
36,1,2,1,0,-175,1,0,180
45,1,1,1,0,-149,1,0,644
49,0,1,1,0,1530,1,0,173
47,1,1,0,0,-100,1,0,374
46,0,1,1,0,1934,0,1,240
29,4,1,2,0,137,1,1,1088
44,2,1,0,0,276,1,1,219
52,1,0,0,0,1758,1,0,41
33,1,2,1,0,49,1,0,558
43,1,1,1,0,960,1,0,436
45,1,1,0,0,959,1,0,463
42,1,2,1,0,1306,1,0,265
50,9,1,1,0,892,1,1,234
58,9,1,1,0,5618,1,0,113
50,1,1,3,0,605,1,0,200
56,1,0,0,0,5041,1,0,158
46,1,1,1,0,1004,1,0,34
44,1,2,0,0,116,1,0,160
52,0,1,1,0,225,1,0,167
55,7,1,1,0,697,1,0,206
44,1,1,0,0,2467,1,0,36
46,7,1,1,0,523,0,0,504
47,0,0,1,0,106,1,0,303
40,1,0,1,0,793,1,0,109
48,1,1,0,0,1757,1,0,90
34,3,1,0,0,87,1,0,139
46,1,0,1,0,1480,1,0,257
43,10,1,0,0,960,1,1,241
40,1,1,0,0,2651,1,0,94
39,2,1,1,0,0,1,0,171
57,5,1,0,0,3123,1,0,178
54,1,1,0,0,950,1,0,285
46,4,1,1,0,3714,1,0,86
41,7,1,1,0,957,1,0,326
47,7,1,1,0,3216,1,0,451
40,1,1,1,0,8150,1,0,347
50,1,1,0,0,2212,1,0,116
40,1,1,0,0,409,1,0,191
47,1,1,0,1,-1385,1,1,77
57,5,0,2,0,2516,1,0,1036
47,0,1,1,0,2354,1,0,303
44,1,1,1,0,560,1,0,80
47,1,1,1,0,5306,1,0,322
53,2,1,1,0,111,1,0,750
59,1,1,0,0,320,1,0,695
40,2,1,1,0,0,1,1,435
60,2,0,1,0,80,1,0,397
45,2,1,0,0,1953,1,0,95
57,1,1,1,0,2192,0,0,208
45,1,1,0,0,1992,1,0,163
44,1,1,3,0,146,1,0,483
21,7,1,1,0,0,1,1,168
42,4,2,2,0,2124,1,0,161
30,1,1,1,0,2,1,0,1000
57,2,1,1,0,1037,1,1,112
53,0,0,1,0,-394,1,0,599
51,4,2,2,0,6510,0,0,30
53,9,1,2,0,4323,1,0,58
54,9,1,2,0,4582,1,0,165
44,4,1,2,0,2400,1,0,74
56,5,1,1,0,1678,1,0,79
46,9,0,2,0,405,1,0,231
45,9,1,1,0,3583,1,0,191
42,1,1,0,0,666,1,0,202
49,0,2,1,0,716,1,0,1257
56,5,1,1,0,344,1,0,221
44,1,2,1,0,641,0,0,257
54,2,1,1,0,653,1,0,352
51,6,0,1,0,154,1,0,285
49,1,2,0,0,3018,1,0,93
45,0,0,1,0,660,1,0,71
58,5,1,2,0,2577,1,1,290
53,1,1,3,0,2785,1,0,1165
42,9,1,1,0,1865,1,0,164
49,11,1,0,0,341,1,1,520
53,0,2,1,0,1178,1,0,295
50,7,2,1,0,516,1,0,187
53,2,1,2,0,22370,1,0,106
26,1,1,1,0,800,1,0,219
46,4,1,2,0,1217,1,0,236
45,7,1,1,0,9077,1,0,139
50,2,1,0,0,461,1,0,651
42,1,1,1,0,597,1,0,124
42,4,1,2,0,9,1,0,98
54,7,1,3,0,7864,1,0,145
60,5,1,2,0,1224,1,0,120
49,1,2,0,0,2623,1,0,291
40,2,1,0,0,3676,1,1,101
45,1,1,1,0,953,1,0,417
40,1,1,0,0,1061,1,0,191
60,0,0,1,0,3020,1,0,131
42,1,1,0,0,3405,1,0,221
60,5,1,1,0,0,1,0,229
60,5,1,1,0,-208,1,0,104
41,1,1,0,0,849,1,0,72
60,1,1,0,0,3820,0,0,186
23,9,2,1,0,76,1,0,23
46,1,1,0,0,346,1,0,402
44,7,1,1,0,-22,1,0,37
29,1,2,1,0,874,1,0,68
34,1,1,1,0,298,1,0,182
59,7,1,1,0,7475,0,0,587
50,4,1,2,0,101,1,0,348
60,0,1,3,0,2667,1,0,140
49,1,1,1,0,2219,1,0,51
55,1,1,0,0,158,1,0,176
54,1,1,0,0,2933,1,0,144
42,1,1,0,0,-181,1,0,297
60,1,1,0,0,5788,1,0,203
47,7,1,1,0,2796,1,0,57
41,4,1,1,0,6526,0,0,334
47,0,2,2,0,1192,1,0,217
41,9,1,1,0,665,1,0,74
57,5,1,1,0,703,1,0,405
53,4,1,2,0,4928,1,0,738
44,1,1,1,0,1786,1,0,452
35,2,2,2,0,-68,1,1,203
41,3,1,2,0,38,1,0,230
28,8,2,1,0,0,1,0,133
55,0,1,1,0,1105,1,1,94
55,0,1,1,0,9039,1,0,187
40,7,1,0,0,-9,1,0,920
35,4,1,2,0,6,1,1,136
58,4,0,2,0,577,0,0,1244
25,4,2,2,0,6,1,1,225
43,9,1,1,0,78,1,0,80
29,7,2,1,0,20,1,0,431
46,1,2,0,0,87,0,0,78
41,0,1,0,0,-306,1,0,500
60,5,1,3,0,79,1,0,301
47,1,1,0,0,0,1,0,30
60,5,1,0,0,751,1,0,133
33,1,1,0,0,0,1,0,270
34,0,2,1,0,1704,1,0,218
57,0,1,3,0,0,1,0,215
42,7,1,3,0,8,1,0,299
47,1,1,1,0,39,1,0,160
33,9,0,0,0,20,1,0,172
43,9,2,1,0,293,1,0,49
40,4,2,2,0,157,1,0,68
35,1,2,1,0,487,1,0,117
26,9,2,2,0,192,1,0,477
53,1,1,1,0,136,1,0,99
55,1,1,1,0,1328,1,0,100
46,4,1,2,0,1038,1,1,200
24,7,1,1,0,51,1,1,187
47,1,1,1,0,3008,1,1,236
41,1,1,1,1,-204,1,0,50
55,7,0,0,0,2923,1,0,104
32,1,1,1,0,231,1,0,51
30,9,1,2,0,-256,1,0,51
54,7,0,0,0,234,1,0,140
41,9,1,1,0,288,1,0,221
42,4,2,2,0,1146,1,0,98
43,1,1,1,0,3060,1,0,253
54,0,1,3,0,907,1,0,71
56,4,1,2,0,334,1,0,127
54,6,0,1,0,1374,1,0,74
30,1,1,0,0,124,1,0,126
53,5,1,2,0,74,1,0,122
45,4,1,2,0,1363,1,0,657
41,1,1,1,0,680,1,0,173
28,1,1,1,0,86,1,1,918
58,0,0,1,0,1713,0,0,544
57,7,1,0,0,3990,1,0,309
54,0,1,3,0,3965,1,0,138
39,10,0,1,0,193,1,0,73
41,4,1,2,0,6060,1,0,71
60,7,1,3,0,132,1,0,29
42,4,1,2,0,1323,1,1,193
47,1,1,1,0,3237,1,0,198
41,2,0,2,0,252,0,0,57
46,1,1,1,0,84,1,0,49
45,4,2,2,0,0,1,0,197
48,7,2,0,0,848,1,0,98
57,7,1,1,0,84,1,0,59
54,1,0,0,0,190,1,0,196
30,9,1,1,0,1534,1,1,243
41,4,2,2,0,1278,1,0,344
46,1,1,0,0,252,1,0,570
35,1,2,0,0,1215,1,0,597
28,1,2,0,0,-457,1,0,43
58,4,0,2,0,347,0,0,525
35,9,0,2,0,0,1,0,759
25,9,2,2,0,468,1,0,147
56,9,1,1,0,28,1,0,236
41,7,2,1,0,323,1,0,122
44,4,1,1,0,38,1,0,152
36,10,1,1,1,-318,1,0,133
41,7,1,1,0,714,1,1,504
58,6,1,1,0,0,1,0,272
46,1,1,1,0,536,1,0,164
42,7,1,1,0,1048,1,0,51
58,9,1,3,0,49,1,0,75
53,0,1,1,0,-197,1,1,178
51,1,1,1,0,1779,1,0,99
38,3,1,1,0,1372,1,1,224
54,1,1,0,0,24,1,0,34
46,6,2,2,0,1934,1,0,236
39,4,0,2,0,9541,0,0,815
22,8,2,1,0,364,1,0,282
47,0,0,0,0,357,1,1,134
34,7,0,1,0,202,1,0,318
42,0,1,1,0,281,1,0,118
44,9,1,2,0,4580,1,0,911
45,7,1,1,0,4060,1,0,238
38,0,1,1,0,0,1,0,225
46,1,1,0,0,1114,1,0,490
34,9,1,1,0,4,1,0,644
41,9,0,1,0,536,1,0,76
27,1,2,0,0,431,1,0,286
56,10,1,1,0,2552,1,0,176
43,4,1,2,0,8016,1,0,422
34,4,1,3,1,-353,1,0,328
25,8,2,1,0,1139,1,0,22
35,10,1,0,0,494,1,0,71
46,2,1,3,0,676,1,1,106
32,0,2,1,0,287,0,0,465
55,9,1,1,0,741,1,0,973
40,5,1,1,0,1842,0,0,56
43,4,1,2,0,4004,1,0,190
41,2,1,2,0,102,0,0,323
33,1,2,0,0,279,1,0,113
32,4,2,1,0,6,1,0,228
39,9,1,0,0,644,1,0,110
42,4,0,2,0,497,0,0,84
33,9,2,1,0,402,1,1,59
32,7,1,1,0,401,1,0,294
46,0,1,0,0,31,1,0,144
42,1,1,1,0,-628,1,1,251
39,0,1,1,0,598,1,0,444
43,1,0,0,0,92,1,0,237
33,4,2,2,0,-625,1,0,399
59,4,1,2,0,2319,1,0,132
48,2,1,2,0,981,1,0,995
31,1,1,0,0,605,1,0,334
47,4,0,2,0,10399,1,0,59
54,9,0,1,0,784,1,1,579
48,1,1,0,0,680,1,0,387
33,4,0,2,0,893,1,0,279
27,7,1,1,0,94,1,0,352
47,0,1,1,0,257,1,0,484
56,1,2,0,0,739,1,0,95
26,9,2,1,0,2,1,1,461
55,4,1,3,1,-171,1,0,30
33,1,1,1,0,217,1,0,561
52,1,1,3,0,826,1,0,468
60,7,2,0,0,313,1,0,920
50,4,1,2,0,106,1,0,388
43,1,1,1,0,4520,1,0,100
29,4,1,2,0,10576,0,0,1224
54,4,1,0,0,366,1,0,589
30,0,0,1,0,370,1,0,160
50,4,1,2,0,4904,1,0,438
48,9,1,1,0,0,1,1,964
55,7,0,1,0,72,1,1,384
56,3,0,1,0,0,0,0,103
48,4,1,3,0,1103,1,0,52
36,1,2,1,0,1392,1,0,205
41,5,0,0,0,-233,1,0,1156
30,4,2,2,0,78,1,0,73
59,4,2,1,0,671,1,1,157
27,1,2,1,0,228,1,1,186
55,11,1,3,0,666,0,0,73
45,7,1,1,0,520,1,0,714
58,1,1,0,0,3501,1,0,544
44,9,1,1,0,185,1,0,194
43,1,1,0,0,108,1,1,420
59,5,1,0,0,1423,1,0,584
41,1,1,0,0,2453,1,0,1052
43,3,1,0,0,18,1,1,192
49,7,2,1,0,3061,1,0,155
44,1,1,0,0,0,1,0,226
48,1,1,0,0,559,1,0,1231
40,1,1,0,0,902,1,0,619
43,1,2,1,0,421,1,0,298
26,1,1,0,0,500,1,0,21
46,1,1,1,0,756,1,0,401
58,1,1,1,0,288,1,0,404
53,1,1,1,0,1140,1,0,241
56,7,1,1,0,2658,1,0,302
43,1,1,0,0,632,1,0,440
36,1,2,0,0,263,1,0,172
34,1,1,3,0,-17,1,0,319
51,1,1,1,0,701,1,0,1051
51,1,1,0,0,4497,1,0,276
45,1,1,0,0,810,1,0,213
54,1,1,0,0,-219,1,0,276
42,0,1,1,0,679,1,0,194
53,7,1,1,0,2925,1,0,1392
35,6,2,0,0,181,1,0,19
49,4,1,2,0,3840,1,0,146
55,9,1,1,0,2014,1,1,253
31,9,2,1,0,1819,1,0,226
52,1,1,1,0,665,1,0,57
50,3,1,0,0,395,1,0,419
32,7,1,1,0,55,1,0,546
34,1,1,1,0,326,1,1,150
42,9,2,1,0,1364,1,0,1867
33,4,2,1,1,-174,1,0,156
43,4,1,2,0,5670,1,0,184
31,1,0,1,0,1125,0,1,548
25,1,2,1,0,0,1,0,244
49,9,1,1,0,3657,1,0,328
56,0,1,1,0,2256,1,0,171
43,1,1,0,0,778,1,1,284
41,1,1,1,0,59,1,0,75
46,1,1,1,0,668,1,0,1263
60,5,2,2,0,7440,1,0,92
48,1,1,0,0,1001,1,0,422
57,0,0,0,0,1,0,0,17
42,1,1,0,0,1320,0,0,301
50,1,1,1,0,1604,1,0,267
36,4,1,2,0,900,1,0,475
44,4,1,1,0,2984,1,0,770
40,1,1,0,0,2562,1,0,487
55,0,1,1,0,1102,1,0,126
24,1,2,0,0,758,1,0,129
52,1,1,0,0,1079,1,0,257
49,7,1,1,0,2201,1,0,233
30,7,1,1,0,271,1,0,365
32,7,2,1,0,772,1,0,697
46,9,0,1,0,435,1,0,192
36,1,1,1,0,412,1,0,244
44,9,0,1,0,809,1,0,118
48,1,1,0,0,575,0,0,101
49,9,1,1,0,3033,0,0,125
44,1,1,0,0,412,1,0,56
23,7,2,1,0,496,1,0,430
45,1,0,0,0,749,1,0,242
54,4,2,2,0,1439,1,0,809
43,4,1,2,0,2767,1,0,317
44,1,1,0,0,140,1,0,7
52,1,1,0,0,4015,1,0,493
37,1,1,1,0,77,1,0,381
53,4,2,2,0,1074,1,0,523
31,1,1,1,0,-720,1,1,112
56,1,1,0,0,690,1,0,309
40,4,1,0,0,1231,1,1,184
58,4,1,2,0,714,1,0,850
42,1,1,0,0,1742,1,0,420
59,5,0,1,0,337,1,0,118
45,9,1,1,0,-237,1,1,71
53,0,1,1,0,1739,1,0,103
55,9,1,2,0,874,1,0,314
60,0,1,1,0,1880,1,0,196
48,2,1,0,0,3705,1,0,151
43,9,2,1,0,1195,1,0,516
47,9,1,1,0,2781,1,0,855
33,1,1,1,0,175,1,0,392
37,7,1,1,0,1,0,0,395
60,4,0,0,0,38,1,0,78
52,1,1,1,0,2206,1,0,875
31,0,2,1,0,358,1,0,124
31,10,2,0,0,0,1,0,24
53,9,1,1,0,4541,1,0,190
45,1,1,1,0,120,1,1,53
56,1,1,1,0,-382,1,0,278
36,9,1,1,0,146,1,1,284
40,7,1,1,0,574,1,0,68
42,1,1,0,0,2519,1,0,262
52,0,1,1,0,395,1,0,391
46,6,0,2,0,8717,1,0,343
59,0,0,1,0,975,1,0,263
41,9,1,1,0,768,1,0,214
61,5,1,1,0,280,1,0,88
57,4,1,2,0,388,0,1,262
32,0,2,1,0,289,0,0,255
55,4,2,2,0,1092,1,1,202
54,4,1,1,0,1394,1,0,438
55,7,1,1,0,151,1,0,88
31,0,1,3,0,-295,1,0,311
43,1,1,0,0,7727,1,0,302
49,5,1,3,0,247,0,0,213
31,1,2,1,0,33,1,0,214
34,1,1,1,0,452,1,0,90
31,4,2,2,0,635,1,0,293
23,7,2,1,0,75,1,0,448
35,9,2,2,0,1455,1,0,70
43,1,1,0,0,2605,1,0,347
31,9,2,2,0,56,0,0,320
45,9,1,1,0,89,1,0,175
29,9,1,1,0,84,1,0,222
27,9,1,1,0,7,1,0,98
52,1,1,0,0,238,1,0,734
58,4,1,2,0,2360,0,0,177
39,1,2,0,0,-21,0,0,121
52,9,0,1,0,409,1,0,73
60,5,1,0,0,894,1,0,65
52,7,1,1,0,108,1,0,543
45,0,1,1,0,805,1,0,186
58,1,1,0,0,2547,0,0,174
56,2,1,2,0,-124,1,0,374
51,1,1,1,0,1414,1,0,241
50,1,1,1,0,6258,1,0,139
39,6,1,2,0,-176,1,0,156
58,4,0,2,0,1533,0,0,137
51,6,2,1,0,1640,1,0,67
45,1,1,0,0,91,1,0,239
41,4,2,2,0,480,1,0,178
28,1,2,0,0,643,1,0,297
51,1,1,3,0,2547,1,0,491
45,1,1,3,0,110,1,0,377
46,0,1,1,0,35,0,0,84
43,4,2,1,0,-228,1,1,122
53,5,1,1,0,1139,1,0,107
50,0,0,1,0,1332,1,0,95
55,9,1,1,0,0,1,0,248
52,1,1,0,0,779,1,0,30
53,0,1,0,0,228,1,0,97
51,1,1,1,0,22,1,0,336
31,0,2,1,0,0,1,0,28
41,9,2,1,0,2919,1,0,329
39,1,1,0,0,186,1,0,208
60,4,0,1,0,773,1,1,597
39,9,1,3,0,880,1,0,29
41,4,1,1,0,218,1,0,247
36,1,1,1,0,512,1,0,343
40,1,2,1,0,1101,1,0,214
29,1,1,1,0,1956,1,0,266
32,0,1,1,0,0,0,0,137
45,1,0,0,0,104,1,0,206
32,9,0,1,0,75,0,0,129
31,3,2,1,0,1301,1,0,69
58,5,0,0,0,6,0,0,228
40,9,1,1,0,75,1,0,259
40,7,1,0,0,44,1,0,144
36,7,2,3,0,281,1,0,515
40,0,1,1,0,2,1,0,29
35,4,2,2,0,205,1,0,512
39,1,1,0,0,2133,1,1,179
39,9,1,2,0,94,1,1,813
30,6,2,2,0,901,1,1,601
57,4,1,2,0,3431,1,0,73
60,7,1,1,0,8837,1,0,144
55,9,1,1,0,726,1,0,271
40,9,1,1,0,26,1,0,230
27,8,2,2,0,66,1,0,456
40,0,1,1,0,2523,1,0,75
28,4,1,2,0,82,1,1,225
32,4,1,2,0,0,1,0,387
53,4,2,1,0,5558,1,0,286
29,0,2,1,0,-507,1,0,286
29,9,2,2,0,47,1,0,111
45,6,1,3,0,-257,0,0,448
32,4,1,1,0,1423,1,0,223
47,7,1,1,0,51,1,1,312
40,7,1,1,0,1688,0,0,93
33,7,2,1,0,0,1,0,212
55,3,1,0,0,1000,1,0,178
31,1,2,1,0,0,1,1,111
33,4,1,2,0,273,1,0,803
42,0,0,1,0,153,1,0,844
31,0,0,2,0,146,1,0,297
41,1,1,3,0,732,1,0,25
43,0,2,1,0,2539,1,0,529
36,7,1,1,0,208,1,0,99
48,4,1,2,0,542,1,0,137
31,6,2,2,0,144,1,0,676
45,9,1,1,0,999,1,0,656
43,1,1,1,0,19,1,0,249
42,0,0,1,0,63,0,0,88
40,7,1,1,0,446,1,0,1252
29,1,1,1,0,832,1,0,228
26,1,1,1,0,246,1,0,1143
53,10,1,1,0,76,1,1,283
31,9,0,1,0,268,0,0,118
25,0,1,1,0,16,1,0,129
26,0,2,1,0,-235,1,0,103
36,0,2,1,0,0,1,1,213
43,7,0,1,0,207,1,0,132
45,0,0,1,0,109,1,0,122
56,4,0,2,0,975,1,0,130
51,9,1,1,0,143,1,0,627
47,1,1,0,0,1756,1,0,207
44,3,1,0,1,-972,1,1,114
31,7,1,1,0,5,1,0,216
46,4,1,1,0,36,1,0,250
32,4,2,2,0,0,0,0,91
31,0,1,1,0,468,1,0,159
45,1,1,0,0,804,1,0,528
31,10,2,1,0,199,1,0,86
40,9,1,1,0,257,1,0,731
43,1,1,3,0,91,1,0,37
26,1,2,0,0,102,1,0,46
29,4,1,2,0,1,1,1,49
30,7,2,1,0,484,1,0,356
39,4,1,2,0,0,1,1,107
51,1,1,0,0,196,1,0,248
58,0,1,0,0,879,1,0,242
44,2,1,2,0,3689,1,0,134
49,9,1,1,0,1269,1,0,355
30,0,1,1,0,67,1,0,149
38,1,1,1,0,961,1,0,346
40,7,1,1,0,181,1,0,370
34,2,1,2,0,355,1,0,261
41,4,1,2,0,0,0,1,330
37,4,2,2,0,499,1,0,537
32,7,0,1,0,-115,1,0,134
31,1,1,1,0,92,1,0,688
38,1,2,3,0,1146,1,0,84
34,6,1,2,0,1029,1,1,125
42,0,1,1,0,534,1,0,139
27,7,1,1,0,15,1,0,167
35,7,1,1,0,1053,1,0,25
43,0,2,1,0,6,0,0,244
29,7,2,1,0,-142,1,0,140
33,7,0,1,0,2,1,0,165
57,5,0,1,0,70,1,0,122
50,2,1,1,0,556,1,0,130
28,7,2,1,0,45,1,0,345
45,1,0,1,0,9,1,0,277
33,1,0,1,0,-131,1,0,145
24,1,1,1,0,142,1,1,300
34,9,2,1,0,0,1,1,214
23,0,1,2,0,2,1,0,140
59,5,1,0,0,646,1,0,140
40,0,2,1,0,739,1,0,132
44,1,1,0,0,1511,1,0,96
33,1,1,1,0,58,0,0,144
29,0,2,1,0,163,1,1,803
39,1,1,0,0,385,1,0,225
36,4,0,2,0,1343,1,1,73
34,7,0,1,0,169,1,0,260
35,1,1,1,0,-613,1,0,754
47,7,1,0,0,1496,1,0,211
40,1,1,1,0,580,1,0,192
30,9,1,1,0,-306,1,1,203
27,4,1,1,0,-41,1,0,24
40,0,0,1,0,783,1,1,171
26,1,0,1,0,241,1,0,136
46,4,1,2,0,245,1,0,42
43,4,1,1,0,-26,1,0,343
36,9,2,2,0,705,1,0,111
32,1,1,1,0,23,1,0,77
47,1,0,1,0,380,1,0,268
29,1,2,1,0,4574,1,0,217
36,9,1,2,0,183,1,0,360
33,1,2,1,0,272,1,0,122
57,0,1,1,0,4168,1,1,47
30,9,2,1,0,677,1,0,241
59,0,0,1,0,174,1,0,204
32,1,1,0,0,1877,1,0,601
56,5,1,1,0,3690,1,1,178
25,1,1,1,0,109,1,0,306
30,1,2,3,0,194,1,0,410
32,1,2,1,0,8,1,0,265
30,0,1,1,0,40,1,1,108
45,1,1,1,0,-1400,1,0,172
47,1,1,1,0,-656,1,0,184
25,9,2,1,0,1400,1,1,424
28,1,1,0,0,507,1,0,359
30,1,2,1,0,75,1,0,123
28,0,1,2,0,364,1,0,169
27,9,2,1,0,1742,1,0,787
32,1,1,1,0,1197,1,1,241
32,6,2,2,0,12269,0,0,141
40,6,1,2,0,1126,1,0,22
29,1,2,0,0,105,1,0,326
38,0,1,1,0,-650,0,0,317
37,1,2,0,0,117,1,0,196
22,0,2,1,0,118,1,0,270
23,0,2,1,0,178,1,0,107
30,6,2,1,0,299,1,0,679
27,1,2,0,0,0,1,0,576
31,0,1,1,0,5,0,0,102
26,1,2,1,0,65,0,0,161
36,0,0,1,0,246,1,0,206
29,1,2,1,0,1166,1,0,33
37,7,0,1,0,49,1,0,619
39,1,1,0,0,95,1,0,230
38,10,1,0,0,113,1,0,27
27,2,1,1,0,554,1,0,131
58,5,1,0,0,269,1,0,38
36,1,1,1,0,63,1,0,322
24,7,2,1,0,-248,1,0,187
25,7,2,1,0,32,1,0,124
43,4,1,1,0,452,1,0,107
38,1,1,0,0,467,1,0,379
40,1,1,0,0,1758,1,0,1230
33,1,2,1,0,-416,1,0,767
35,9,1,1,0,523,1,1,95
46,1,1,0,0,2499,1,0,42
30,9,2,2,0,236,1,0,197
24,9,2,1,0,3926,1,0,320
24,9,2,1,0,409,1,0,912
45,4,1,2,0,876,0,0,178
45,1,1,0,0,1163,0,0,230
53,9,2,1,0,708,1,0,631
34,9,2,2,0,586,1,0,489
24,1,1,0,0,656,1,0,894
57,3,1,0,0,260,1,0,38
55,1,1,0,0,571,1,0,323
52,9,2,1,0,36,1,0,335
54,9,0,1,0,0,1,0,161
29,1,2,0,0,-63,1,0,410
23,7,2,1,0,91,1,0,374
24,7,2,1,0,0,0,0,280
59,1,1,1,0,169,1,0,181
37,1,2,3,0,2188,0,0,193
40,1,1,1,0,2073,1,0,166
54,4,0,2,0,29887,1,0,865
35,1,1,1,0,53,1,0,258
56,3,1,0,0,82,0,0,215
28,9,1,1,0,58,0,0,136
32,4,2,1,0,916,1,0,381
40,4,0,2,0,37,1,0,412
32,1,2,0,0,100,1,0,376
41,7,1,0,0,124,1,0,393
55,4,1,0,0,19,1,0,56
52,9,1,1,0,420,0,0,112
58,9,0,1,0,906,1,1,155
29,10,2,2,0,0,1,1,703
44,1,0,3,0,532,0,0,141
53,1,1,0,0,634,1,0,475
44,7,1,1,0,0,1,1,471
41,0,1,1,0,338,1,0,121
44,0,1,1,0,0,1,1,159
38,4,1,2,0,2724,1,0,177
27,4,2,2,0,-98,1,1,344
44,0,1,1,0,73,1,0,404
45,1,2,1,0,636,1,0,287
30,1,2,1,0,132,1,0,329
47,9,1,2,0,282,1,0,433
54,2,1,0,0,3343,1,1,216
29,9,2,1,0,-166,1,0,323
50,0,0,1,0,363,1,0,1340
32,1,2,1,0,29,0,0,132
57,2,1,2,1,-524,1,0,199
51,1,1,0,0,1194,1,0,558
32,0,2,1,0,422,1,0,221
27,9,2,2,0,3706,1,0,897
41,10,1,1,0,356,1,0,80
53,9,1,1,0,31,1,0,90
29,6,2,1,0,272,1,0,123
28,4,1,2,0,103,1,0,461
27,4,2,2,1,-308,1,0,213
49,1,1,1,0,16,1,0,193
44,1,1,0,0,1485,1,0,428
32,2,2,2,0,1,1,1,411
56,5,1,3,0,4391,1,0,291
34,1,2,0,0,85,0,0,136
43,7,1,0,0,822,1,0,112
41,4,0,2,0,647,1,0,270
41,4,1,2,0,223,1,0,124
47,1,1,0,0,242,1,0,214
33,1,1,1,0,64,0,0,239
47,7,1,1,0,2597,1,0,323
46,4,0,2,0,770,1,0,94
46,9,1,1,0,4956,1,0,74
30,0,1,1,0,122,1,0,107
41,9,2,1,0,28,0,0,51
30,9,1,1,0,1011,1,0,109
56,5,0,1,0,4166,1,0,378
40,9,1,0,0,6110,1,0,217
47,7,1,1,0,837,1,1,136
36,4,2,2,0,146,1,0,1161
60,5,1,0,0,458,1,0,103
34,0,1,1,0,641,1,1,467
44,6,1,1,0,1310,1,0,290
29,9,1,1,0,782,1,0,131
48,1,1,1,0,478,1,1,168
55,7,1,3,0,-45,1,0,764
60,4,1,2,0,36,1,0,194
29,4,2,2,0,0,0,0,16
30,7,2,2,0,136,1,1,208
35,0,2,0,0,8,1,0,148
37,7,2,1,0,934,1,0,242
42,1,1,1,0,314,1,1,269
34,9,1,1,0,978,1,0,370
50,4,2,2,0,567,1,0,274
27,7,2,1,0,194,1,0,326
45,9,2,2,0,4537,1,0,337
50,4,0,2,0,318,1,0,788
43,9,1,1,0,17,1,0,353
32,3,0,1,0,715,1,1,14
55,4,2,2,0,1464,1,0,92
40,7,2,1,0,-61,1,1,698
56,2,1,2,0,1297,1,0,180
21,0,2,1,0,325,1,0,467
27,9,1,2,0,276,0,0,218
24,0,2,1,0,770,1,0,233
25,9,2,1,0,2,1,1,304
41,1,1,0,0,208,1,0,315
49,10,0,1,0,495,1,0,40
44,1,1,2,0,2185,1,0,698
42,1,1,1,0,351,1,0,76
45,1,1,0,0,71,1,0,355
48,7,1,3,0,1155,1,0,557
51,9,1,1,0,349,1,0,97
33,9,1,1,0,153,1,0,148
32,1,1,0,0,244,1,0,128
41,9,1,1,0,493,1,0,130
29,7,1,2,0,62,1,1,280
49,9,0,2,0,874,1,0,152
49,1,0,1,1,259,0,0,283
25,0,2,1,0,304,0,0,523
33,1,2,1,0,371,1,0,1128
50,1,1,0,0,231,1,0,171
50,0,1,1,0,1906,0,0,174
40,4,2,1,0,192,1,0,71
32,1,1,0,0,158,1,0,84
43,1,0,0,0,-57,1,0,221
24,5,2,1,0,366,0,1,234
49,1,1,0,0,327,1,0,138
36,4,1,2,0,1125,1,1,339
42,0,1,3,0,642,1,1,509
31,0,2,1,0,-48,1,0,254
30,9,2,1,0,298,1,0,164
46,9,1,2,0,2207,1,0,243
35,1,2,1,0,88,1,0,344
44,0,1,1,0,2687,1,0,131
33,4,1,2,0,307,0,0,806
42,1,1,0,1,398,1,0,251
39,7,2,1,0,-388,1,0,1135
41,1,2,0,0,1649,1,0,312
58,1,1,1,0,886,0,0,302
40,1,1,1,0,1161,1,1,292
37,0,1,1,0,281,1,0,279
45,1,1,0,0,137,1,1,187
49,4,1,0,0,267,1,0,198
35,1,1,0,0,767,1,0,1408
28,1,2,1,0,1112,1,0,827
32,9,2,2,0,192,1,0,303
45,6,1,1,0,1113,1,0,67
44,9,2,1,0,696,1,0,680
55,1,1,0,0,-268,1,0,160
37,1,2,1,0,197,1,0,251
28,7,2,1,0,317,1,0,21
43,0,2,2,0,329,1,0,218
35,1,2,1,0,510,1,0,81
30,4,2,2,0,5,0,0,476
54,4,2,2,0,4393,1,0,1297
34,4,0,2,0,488,1,0,4
30,7,2,1,0,442,1,0,283
46,11,1,3,0,300,1,0,323
52,1,1,0,0,1007,1,0,248
44,1,1,0,0,195,1,0,541
36,1,1,1,0,513,1,0,427
44,9,0,1,0,399,1,0,148
44,1,1,0,0,12,1,0,408
24,1,2,1,0,77,1,0,236
56,1,1,0,0,8318,1,0,428
41,1,0,1,0,-104,1,0,32
51,9,1,2,0,0,1,0,330
53,1,1,1,0,2,1,0,851
41,1,2,0,0,0,1,0,522
26,1,2,0,0,-579,1,0,320
53,2,1,2,0,2884,1,0,165
30,9,2,1,0,863,1,0,1193
